,title,content
0,JTBC ƿ  强?!   ƴ 1    λ ˹ ӿũ ep.12,"  ũ η¼  

ũ 並 ϴ job ִٸ  õ 



 û.η.Ĵ.丮.ö..

    job͵

 200% ηԱ   峭 



  job͵ [ũ]  ص帳ϴ!"
1,JTBC ƿ  强?!   ƴ 1    λ ˹ ӿũ ep.12,ٵ忡 ũ Ű ó ȭǰ ȱ
2,JTBC ƿ  强?!   ƴ 1    λ ˹ ӿũ ep.12,"ǰ  
ȹ ƿ ü ..
 ϰ ָ鼭 ʹ Ÿϴ°  ɺ"
3,JTBC ƿ  强?!   ƴ 1    λ ˹ ӿũ ep.12, 强       Ƴ߿ ̷ ƹ ʰ ٽ ȸ    强 ϵ    
4,JTBC ƿ  强?!   ƴ 1    λ ˹ ӿũ ep.12,̿   Ӵϴ    ϴ  ϰ մµ    Ӵϵ Ǯ ׽ 10 Ѱ ߴµ  ø 븮 й 3 4 ᱹ 1ÿ ϰ ϴ ָ  絵 ݵ ޾Ҿ... ̻ ̷  ȣȣ     ӻϰ ϳ׿...
5,JTBC ƿ  强?!   ƴ 1    λ ˹ ӿũ ep.12, ν  ָӴϴ ڻ翡  ںν̳ 漺 .. ȸ翡   츦 آZ..
6,JTBC ƿ  强?!   ƴ 1    λ ˹ ӿũ ep.12,ȸ       Ÿ     ǵ   ǹ  ɾ     F
7,JTBC ƿ  强?!   ƴ 1    λ ˹ ӿũ ep.12,"ܸ "" JTBC ~~~~~  ٹݰ ҳ (~~):"""
8,JTBC ƿ  强?!   ƴ 1    λ ˹ ӿũ ep.12,º Ʃ߿ ְ...  ũ ´ ӽ̾µ... ũ..ѿ  5̻;;  ɺ ..
9,JTBC ƿ  强?!   ƴ 1    λ ˹ ӿũ ep.12,󿩻 ô       ҳ  ݱ䵥      
10,JTBC ƿ  强?!   ƴ 1    λ ˹ ӿũ ep.12,   'ð ʹ üϱ~' ' !!'  ʹ ״ ݱ°     
11,JTBC ƿ  强?!   ƴ 1    λ ˹ ӿũ ep.12,ǰ Ȼ ȵǸ ׳    ׷ 1 ְ
12,JTBC ƿ  强?!   ƴ 1    λ ˹ ӿũ ep.12,ƈ     ʹ ڿ ǳִ° ƴϳā     
13,JTBC ƿ  强?!   ƴ 1    λ ˹ ӿũ ep.12,"  ϰ ǵ
˻ ¯̳   η
Ÿ ۱  ¸ε jtbc"
14,JTBC ƿ  强?!   ƴ 1    λ ˹ ӿũ ep.12,ǰ   ...
15,JTBC ƿ  强?!   ƴ 1    λ ˹ ӿũ ep.12,7:57  ٸ    ↶                               
16,JTBC ƿ  强?!   ƴ 1    λ ˹ ӿũ ep.12,"7:57 they really yeeted themselves out of there, I.can.not "
17,JTBC ƿ  强?!   ƴ 1    λ ˹ ӿũ ep.12,̰ ٷ   ̳    ְ  ġ ΰ  ùٸ ųʸ ѹ   ϰ ʿ  ü ķ   ̳׿
18,JTBC ƿ  强?!   ƴ 1    λ ˹ ӿũ ep.12,强 ¥ ໡ұ.  Ǵ   ߻ϴ±.ҵƾ
19,JTBC ƿ  强?!   ƴ 1    λ ˹ ӿũ ep.12,û ڸ ֽϴٸ...   ֽðڽϱ?  ǰ ͽϴ.
20,JTBC ƿ  强?!   ƴ 1    λ ˹ ӿũ ep.12, ȳȳ ϴ°͵ װڳ          ƴ 9¥  ų ̸ ƟD      
21,JTBC ƿ  强?!   ƴ 1    λ ˹ ӿũ ep.12,       ָӴ  ؼ Ա ִµ ݰ׿  
22,JTBC ƿ  强?!   ƴ 1    λ ˹ ӿũ ep.12," űϳ׿!
̿      ڸ  ̻غµ
强Դ  Űſ!     "
23,JTBC ƿ  强?!   ƴ 1    λ ˹ ӿũ ep.12,  强԰ ſ         ħ
24,JTBC ƿ  强?!   ƴ 1    λ ˹ ӿũ ep.12,Ʊ   ִٻߴµ      Ѱſٴ
25,JTBC ƿ  强?!   ƴ 1    λ ˹ ӿũ ep.12,"Ժ  Ȥ ʵл ֹECCٳ ³? ׶
н   򳪰 ϴ ģ ̸ Ժ̾µ.."
26,JTBC ƿ  强?!   ƴ 1    λ ˹ ӿũ ep.12,1:59 2:05 3:05 3:15 ָӴ Ҹ ם                                   Ɲ
27,JTBC ƿ  强?!   ƴ 1    λ ˹ ӿũ ep.12,2:02   ֳ   ڸ а
28,JTBC ƿ  强?!   ƴ 1    λ ˹ ӿũ ep.12,"''  ̰ ҽϴ''
Ʈ Ƴİ   "
29,JTBC ƿ  强?!   ƴ 1    λ ˹ ӿũ ep.12,㸮            
30,JTBC ƿ  强?!   ƴ 1    λ ˹ ӿũ ep.12,"¥ ̹ ˾Ƽ ޾ƺε
¥ ʹմ                       Ƽ񿹴ɺ               ٸ     "
31,JTBC ƿ  强?!   ƴ 1    λ ˹ ӿũ ep.12, Ҹ                ö󰣴ٰ ķ        
32,JTBC ƿ  强?!   ƴ 1    λ ˹ ӿũ ep.12,7:26 Ժ ʹ      տ ٸ ־  Թ ˷ִ°ǵ     
33,JTBC ƿ  强?!   ƴ 1    λ ˹ ӿũ ep.12,           ̰ ó  ø ѹ                  
34,JTBC ƿ  强?!   ƴ 1    λ ˹ ӿũ ep.12,"6:11 õ鵥?!
1. ڸ  ٴ ǹ
2. ְ ٴ ǹ
3.    ֱ ٷ ٴ ǹ"
35,JTBC ƿ  强?!   ƴ 1    λ ˹ ӿũ ep.12,ƴ ͵  õ Ƴā                   
36,JTBC ƿ  强?!   ƴ 1    λ ˹ ӿũ ep.12,  强Դ  ڸ̾
37,JTBC ƿ  强?!   ƴ 1    λ ˹ ӿũ ep.12,""" ҳ~""
ڿ 뷡     Ⱑ         "
38,JTBC ƿ  强?!   ƴ 1    λ ˹ ӿũ ep.12,6:41 is that dong wan PD?
39,JTBC ƿ  强?!   ƴ 1    λ ˹ ӿũ ep.12,"强 ڸ ¿. "" """
40,JTBC ƿ  强?!   ƴ 1    λ ˹ ӿũ ep.12,      ð ʹ üϱ ϸ鼭  ° 
41,JTBC ƿ  强?!   ƴ 1    λ ˹ ӿũ ep.12,¥  Ƴ ԰ߵ                              
42,JTBC ƿ  强?!   ƴ 1    λ ˹ ӿũ ep.12,       
43,JTBC ƿ  强?!   ƴ 1    λ ˹ ӿũ ep.12,                    ҳ  ݰ~!     
44,JTBC ƿ  强?!   ƴ 1    λ ˹ ӿũ ep.12,"5:00 ϰ Űó      
׳ ũ   ΰ.
  Ƿ ִ°   "
45,JTBC ƿ  强?!   ƴ 1    λ ˹ ӿũ ep.12,1:30 ⿡       ° ƹ             ũ ü     Դϴ...   ׿
46,JTBC ƿ  强?!   ƴ 1    λ ˹ ӿũ ep.12,Դ ¥  ߰ 帳ġ ˹                  
47,JTBC ƿ  强?!   ƴ 1    λ ˹ ӿũ ep.12, ۱ Ż.. Ұǵ
48,JTBC ƿ  强?!   ƴ 1    λ ˹ ӿũ ep.12,"ó µ ֳ׿.     
ƴ Կ ġ    ص ̷   µ   "
49,JTBC ƿ  强?!   ƴ 1    λ ˹ ӿũ ep.12,"no wonder I like this show
it reminds me of Wassup Man lmao    "
50,JTBC ƿ  强?!   ƴ 1    λ ˹ ӿũ ep.12,6:42  ׸ FD ƴϽŰ....  
51,JTBC ƿ  强?!   ƴ 1    λ ˹ ӿũ ep.12," , п ä ˹, ̺,  ī, Ʈ Ÿ ٸ,  󼱻"
52,JTBC ƿ  强?!   ƴ 1    λ ˹ ӿũ ep.12,ҸҶ                ̫     
53,JTBC ƿ  强?!   ƴ 1    λ ˹ ӿũ ep.12,强Դ~~~깰ǰ ˿ ּ    ż   Ź   ׸   ŵ  Ʒ ~~
54,JTBC ƿ  强?!   ƴ 1    λ ˹ ӿũ ep.12,3:00  ǽ              
55,JTBC ƿ  强?!   ƴ 1    λ ˹ ӿũ ep.12,强Ծ ⺻  ε    Ͻó
56,JTBC ƿ  强?!   ƴ 1    λ ˹ ӿũ ep.12,ƴ   强԰ ʹ        ͽ̶ ݶϸ   Ҷ 强԰   úɵ                         
57,JTBC ƿ  强?!   ƴ 1    λ ˹ ӿũ ep.12,                             ߰  ٲ ° ʹ             
58,JTBC ƿ  强?!   ƴ 1    λ ˹ ӿũ ep.12,"强Ծ... ...
ѵ  ʾ!
'ֹ' ұ"
59,JTBC ƿ  强?!   ƴ 1    λ ˹ ӿũ ep.12, ̰ ҽϴ                         
60,JTBC ƿ  强?!   ƴ 1    λ ˹ ӿũ ep.12,󰰴                                 ճ        
61,JTBC ƿ  强?!   ƴ 1    λ ˹ ӿũ ep.12,   ̸ ȳ׿            ҳ      ĵ     
62,JTBC ƿ  强?!   ƴ 1    λ ˹ ӿũ ep.12,6:42 is it the fricking dong won fd of RUNNING MAN.
63,JTBC ƿ  强?!   ƴ 1    λ ˹ ӿũ ep.12,5:09   ↶         Ȱ
64,JTBC ƿ  强?!   ƴ 1    λ ˹ ӿũ ep.12,5:20 Ի
65,JTBC ƿ  强?!   ƴ 1    λ ˹ ӿũ ep.12,"ƴ ǰ ȿ غ񹮼ֳ  Ÿ?
  ⱸ ó
 ̿϶?"
66,JTBC ƿ  强?!   ƴ 1    λ ˹ ӿũ ep.12,0:19 ũ - ͵  ()                             N                        
67,JTBC ƿ  强?!   ƴ 1    λ ˹ ӿũ ep.12,            ̰      ڳ °     
68,JTBC ƿ  强?!   ƴ 1    λ ˹ ӿũ ep.12,强Ծ  Ƽ  ˼?
69,JTBC ƿ  强?!   ƴ 1    λ ˹ ӿũ ep.12,"0:20
͵          ↶                                              "
70,JTBC ƿ  强?!   ƴ 1    λ ˹ ӿũ ep.12,                                            Ժ        
71,JTBC ƿ  强?!   ƴ 1    λ ˹ ӿũ ep.12,"3:29  ҳı? ->   ̰ ҽϴ
Ʈ ޺ ƾ        "
72,JTBC ƿ  强?!   ƴ 1    λ ˹ ӿũ ep.12,6:06 ¥ õ         
73,JTBC ƿ  强?!   ƴ 1    λ ˹ ӿũ ep.12,7:26  Ժ      ƾ     
74,JTBC ƿ  强?!   ƴ 1    λ ˹ ӿũ ep.12,ȿ 4ź~?! 5ź~?! Ҷ  强Դ  ʹ     
75,JTBC ƿ  强?!   ƴ 1    λ ˹ ӿũ ep.12,ϳϳ ٺµ ѿܼ 
76,JTBC ƿ  强?!   ƴ 1    λ ˹ ӿũ ep.12,ǰ       ̿Ϸ  ׷Ÿ        ̿Ѵٰ  ų
77,JTBC ƿ  强?!   ƴ 1    λ ˹ ӿũ ep.12,7:00 Ժ ѿ  θ°ŰƼ Ԉ         
78,JTBC ƿ  强?!   ƴ 1    λ ˹ ӿũ ep.12,"        ƴϵü °°...........  վ;;
ߵ"
79,JTBC ƿ  强?!   ƴ 1    λ ˹ ӿũ ep.12,     
80,JTBC ƿ  强?!   ƴ 1    λ ˹ ӿũ ep.12,ʿ                 ƹ
81,JTBC ƿ  强?!   ƴ 1    λ ˹ ӿũ ep.12,"󰰈          
  Ե  n       ҆E    "
82,JTBC ƿ  强?!   ƴ 1    λ ˹ ӿũ ep.12,PD ʿ ̷ ģ         
83,JTBC ƿ  强?!   ƴ 1    λ ˹ ӿũ ep.12,...  ó  强Ծ ߷  ź Դϴ.
84,JTBC ƿ  强?!   ƴ 1    λ ˹ ӿũ ep.12,    °   ׻ ߺ ֽϴ.   
85,JTBC ƿ  强?!   ƴ 1    λ ˹ ӿũ ep.12, 强 ģ                           ׸ ּ
86,JTBC ƿ  强?!   ƴ 1    λ ˹ ӿũ ep.12,ġ Ÿ   ˹   ּ   ƿ    
87,JTBC ƿ  强?!   ƴ 1    λ ˹ ӿũ ep.12,ī޶󳻸  ܽù      
88,JTBC ƿ  强?!   ƴ 1    λ ˹ ӿũ ep.12,Ժ                         
89,JTBC ƿ  强?!   ƴ 1    λ ˹ ӿũ ep.12,Ժ ʹ                           
90,JTBC ƿ  强?!   ƴ 1    λ ˹ ӿũ ep.12,"  Ⱦµ...   
强    帳    "
91,JTBC ƿ  强?!   ƴ 1    λ ˹ ӿũ ep.12,ƴ   մµ?   强 ƮŸ~
92,JTBC ƿ  强?!   ƴ 1    λ ˹ ӿũ ep.12,"2:50  ׿  Ϳ   ʷʷ
2:55 ߴµ  ġ ǽ    ñ  ā             "
93,JTBC ƿ  强?!   ƴ 1    λ ˹ ӿũ ep.12,¥ 强                     
94,JTBC ƿ  强?!   ƴ 1    λ ˹ ӿũ ep.12,7:26                                  Ժ̼̾??
95,JTBC ƿ  强?!   ƴ 1    λ ˹ ӿũ ep.12,ƴ ϴµ ͸ ϰϴµ     Ѹ  Ÿ 
96,JTBC ƿ  强?!   ƴ 1    λ ˹ ӿũ ep.12, ¼ӵ              
97,JTBC ƿ  强?!   ƴ 1    λ ˹ ӿũ ep.12,˼.. ӽ ... 볪..    ¥  ¯̴... ^^ ݰ~
98,JTBC ƿ  强?!   ƴ 1    λ ˹ ӿũ ep.12,       ҳ ٹݱV  
99,JTBC ƿ  强?!   ƴ 1    λ ˹ ӿũ ep.12,ָӴ϶ ɹ                                                      
100,JTBC ƿ  强?!   ƴ 1    λ ˹ ӿũ ep.12,̴ ð 𸣰 Ҵ
101,JTBC ƿ  强?!   ƴ 1    λ ˹ ӿũ ep.12,ģ      ڸ ໡ѳ޴µ 强Ծ ų׿      ¥ 帳 õ    
102,JTBC ƿ  强?!   ƴ 1    λ ˹ ӿũ ep.12,5:12 ãҴ 
103,JTBC ƿ  强?!   ƴ 1    λ ˹ ӿũ ep.12, ¥  + Դ                        
104,JTBC ƿ  强?!   ƴ 1    λ ˹ ӿũ ep.12,"强 ¥ ģϰ  򷲶Ƕ̰          

Ϳ ģ          "
105,JTBC ƿ  强?!   ƴ 1    λ ˹ ӿũ ep.12,           ¥  ģ                                                                                强           
106,JTBC ƿ  强?!   ƴ 1    λ ˹ ӿũ ep.12,"' ʿ ...""        "
107,JTBC ƿ  强?!   ƴ 1    λ ˹ ӿũ ep.12,3:53                 
108,JTBC ƿ  强?!   ƴ 1    λ ˹ ӿũ ep.12,4:59 Ȧμ                      
109,JTBC ƿ  强?!   ƴ 1    λ ˹ ӿũ ep.12," ?
.
 ʿ..            
 ˱  ټ     "
110,JTBC ƿ  强?!   ƴ 1    λ ˹ ӿũ ep.12,0:20 ͵  ()                    ڿ  Ѿ  ߴ
111,JTBC ƿ  强?!   ƴ 1    λ ˹ ӿũ ep.12,6:38 ׸ǿ  ̴  ⿡???      
112,JTBC ƿ  强?!   ƴ 1    λ ˹ ӿũ ep.12,     ù Ǽ ؼ  ƴϷ     
113,JTBC ƿ  强?!   ƴ 1    λ ˹ ӿũ ep.12,2:01                                                                    
114,JTBC ƿ  强?!   ƴ 1    λ ˹ ӿũ ep.12,ʿ             Ĵ缭 Դ վڳ        
115,JTBC ƿ  强?!   ƴ 1    λ ˹ ӿũ ep.12,   Ӵ ҳ    
116,JTBC ƿ  强?!   ƴ 1    λ ˹ ӿũ ep.12,5:15    
117,JTBC ƿ  强?!   ƴ 1    λ ˹ ӿũ ep.12,8:55 JTCB  ƹ ޾a     
118,JTBC ƿ  强?!   ƴ 1    λ ˹ ӿũ ep.12, ҳ  ݱ JTBC            
119,JTBC ƿ  强?!   ƴ 1    λ ˹ ӿũ ep.12, ¥ 强Դ  ƴ ʹ վ
120,JTBC ƿ  强?!   ƴ 1    λ ˹ ӿũ ep.12,6:43  ׸ǳ 赿fdԸ³?׺ΰ    ϳ ȹٲ˳׿
121,JTBC ƿ  强?!   ƴ 1    λ ˹ ӿũ ep.12,5:13 ̺ 19ȭ ǹۿ  ....
122,JTBC ƿ  强?!   ƴ 1    λ ˹ ӿũ ep.12,"JTBC ʹ 
 ҳ  ݰ~   
Ǯ̸  ſ~^^"
123,JTBC ƿ  强?!   ƴ 1    λ ˹ ӿũ ep.12,5:23 ⼭ ٲ Ŭ ־
124,JTBC ƿ  强?!   ƴ 1    λ ˹ ӿũ ep.12,Ժ            ԔK                         Ժ                                   
125,JTBC ƿ  强?!   ƴ 1    λ ˹ ӿũ ep.12,Ʈ ýĻ ּ        
126,JTBC ƿ  强?!   ƴ 1    λ ˹ ӿũ ep.12,ʹ   ..    庸  ϴ.   
127,JTBC ƿ  强?!   ƴ 1    λ ˹ ӿũ ep.12,"  ˰ ߴµ,,

ٵ ʹ   ˹  þ Դ Ȧμ ϴ°Ŷ Ϸ ߴµ jtbc  ° ܿ    "
128,JTBC ƿ  强?!   ƴ 1    λ ˹ ӿũ ep.12,1:58       
129,JTBC ƿ  强?!   ƴ 1    λ ˹ ӿũ ep.12,@6:39 isn't he the running man pd
130,JTBC ƿ  强?!   ƴ 1    λ ˹ ӿũ ep.12,̰ 尰 Ҹ ϴ°                        
131,JTBC ƿ  强?!   ƴ 1    λ ˹ ӿũ ep.12,3:12 ???
132,JTBC ƿ  强?!   ƴ 1    λ ˹ ӿũ ep.12, ʹ             ʹʹ  ׻ ǰؾ         R
133,JTBC ƿ  强?!   ƴ 1    λ ˹ ӿũ ep.12,2:56  Ҹ ô   
134,JTBC ƿ  强?!   ƴ 1    λ ˹ ӿũ ep.12,4:59 N  
135,JTBC ƿ  强?!   ƴ 1    λ ˹ ӿũ ep.12,Ҹ     ߵֈ      3:04
136,JTBC ƿ  强?!   ƴ 1    λ ˹ ӿũ ep.12,1:51                       ̫         
137,JTBC ƿ  强?!   ƴ 1    λ ˹ ӿũ ep.12,"ѹα ǥ ˹,  ƸƮ ѹ ..??"
138,JTBC ƿ  强?!   ƴ 1    λ ˹ ӿũ ep.12,6:40  ׸  ǵ    
139,JTBC ƿ  强?!   ƴ 1    λ ˹ ӿũ ep.12,7:51 ǥ       
140,JTBC ƿ  强?!   ƴ 1    λ ˹ ӿũ ep.12,3:39 ʿ                    
141,JTBC ƿ  强?!   ƴ 1    λ ˹ ӿũ ep.12,5:33  ̽þ    
142,JTBC ƿ  强?!   ƴ 1    λ ˹ ӿũ ep.12,"8:58
  ٽ JTBC ִ "
143,JTBC ƿ  强?!   ƴ 1    λ ˹ ӿũ ep.12,"6:40     ׸ fd? pd̳?!   ϰ ɹ    
ư JTBC ̳"
144,JTBC ƿ  强?!   ƴ 1    λ ˹ ӿũ ep.12,5:43 밡            ġچ        
145,JTBC ƿ  强?!   ƴ 1    λ ˹ ӿũ ep.12,¥ ܿ                   
146,JTBC ƿ  强?!   ƴ 1    λ ˹ ӿũ ep.12,    ¥ ׸ ĥ 
147,JTBC ƿ  强?!   ƴ 1    λ ˹ ӿũ ep.12,͵ Ÿϴ ȸ簡 ִٴ°  ̳
148,JTBC ƿ  强?!   ƴ 1    λ ˹ ӿũ ep.12,2:11 强 
149,JTBC ƿ  强?!   ƴ 1    λ ˹ ӿũ ep.12,"4:49 
   µ 
Ҹ  ˾.
ũ  ϸ ڵ   
ֱ   ׿;"
150,JTBC ƿ  强?!   ƴ 1    λ ˹ ӿũ ep.12,͵ њ                      
151,JTBC ƿ  强?!   ƴ 1    λ ˹ ӿũ ep.12,5:00 ٹ                                  
152,JTBC ƿ  强?!   ƴ 1    λ ˹ ӿũ ep.12, Ҹ ϴ° ¥  ģ                                          
153,JTBC ƿ  强?!   ƴ 1    λ ˹ ӿũ ep.12,㸮          
154,JTBC ƿ  强?!   ƴ 1    λ ˹ ӿũ ep.12,6:10 ź   
155,JTBC ƿ  强?!   ƴ 1    λ ˹ ӿũ ep.12,㸮           
156,JTBC ƿ  强?!   ƴ 1    λ ˹ ӿũ ep.12,1:53                             
157,JTBC ƿ  强?!   ƴ 1    λ ˹ ӿũ ep.12,Ҹ Ҷ  r     强 ŷ ¥
158,JTBC ƿ  强?!   ƴ 1    λ ˹ ӿũ ep.12, .. 18.. ִ.. Ѻо  10⵿ ϸ  ȴٴµ  ̽ó...   
159,JTBC ƿ  强?!   ƴ 1    λ ˹ ӿũ ep.12,       强Դ ׼ ʹ        
160,JTBC ƿ  强?!   ƴ 1    λ ˹ ӿũ ep.12,7:52 ǰѺе      
161,JTBC ƿ  强?!   ƴ 1    λ ˹ ӿũ ep.12, öϳ     
162,JTBC ƿ  强?!   ƴ 1    λ ˹ ӿũ ep.12,"ǰ  ϴ° ˰ڴµ 
 ð ϴ° ...?"
163,JTBC ƿ  强?!   ƴ 1    λ ˹ ӿũ ep.12,8:12 ̷   
164,JTBC ƿ  强?!   ƴ 1    λ ˹ ӿũ ep.12,2:05 Ҹ ϴ° ʹ ܟD                
165,JTBC ƿ  强?!   ƴ 1    λ ˹ ӿũ ep.12,Ӵ     
166,JTBC ƿ  强?!   ƴ 1    λ ˹ ӿũ ep.12,                 
167,JTBC ƿ  强?!   ƴ 1    λ ˹ ӿũ ep.12,"8:40 
 ʴ  
󰰴             
ҳ  ݱٴ       "
168,JTBC ƿ  强?!   ƴ 1    λ ˹ ӿũ ep.12,4:57            
169,JTBC ƿ  强?!   ƴ 1    λ ˹ ӿũ ep.12,¥ Ƴ   ̳   
170,JTBC ƿ  强?!   ƴ 1    λ ˹ ӿũ ep.12,5:09 ʹ     
171,JTBC ƿ  强?!   ƴ 1    λ ˹ ӿũ ep.12,1:47      ?  ?
172,JTBC ƿ  强?!   ƴ 1    λ ˹ ӿũ ep.12, ҳ   ݰ                                                                  
173,JTBC ƿ  强?!   ƴ 1    λ ˹ ӿũ ep.12,   ˾ҳ      
174,JTBC ƿ  强?!   ƴ 1    λ ˹ ӿũ ep.12,8:40 2        
175,JTBC ƿ  强?!   ƴ 1    λ ˹ ӿũ ep.12,7:23  ¥          Ժ                 
176,JTBC ƿ  强?!   ƴ 1    λ ˹ ӿũ ep.12, ¥ ְ       
177,JTBC ƿ  强?!   ƴ 1    λ ˹ ӿũ ep.12, ٵ Ϻη Ⱦ ΰž? ƴϸ ׻ Ⱦİ  ž ? ڴٰ ٷ ° .....  . . . . . . . . .
178,JTBC ƿ  强?!   ƴ 1    λ ˹ ӿũ ep.12,¥ 帳 Ĺȴ    ʹ մ   
179,JTBC ƿ  强?!   ƴ 1    λ ˹ ӿũ ep.12,׷ ũ ͽǱڸ ѰԵǾ...
180,JTBC ƿ  强?!   ƴ 1    λ ˹ ӿũ ep.12,໡Ѵ  ׿    
181,JTBC ƿ  强?!   ƴ 1    λ ˹ ӿũ ep.12,05:10 05:10 ƴ ϴ° ʹ䵥 ƹ ̾n     
182,JTBC ƿ  强?!   ƴ 1    λ ˹ ӿũ ep.12,":  ʴ  
: 󰰴
                                                      "
183,JTBC ƿ  强?!   ƴ 1    λ ˹ ӿũ ep.12, Ƣ  ↶           
184,JTBC ƿ  强?!   ƴ 1    λ ˹ ӿũ ep.12,5:16 ãƁJ          
185,JTBC ƿ  强?!   ƴ 1    λ ˹ ӿũ ep.12,Tv        װǰŸ
186,JTBC ƿ  强?!   ƴ 1    λ ˹ ӿũ ep.12,1:58
187,JTBC ƿ  强?!   ƴ 1    λ ˹ ӿũ ep.12,"5:08 
 ϴ° ↶       ԳȳԳ.."
188,JTBC ƿ  强?!   ƴ 1    λ ˹ ӿũ ep.12,2:00         
189,JTBC ƿ  强?!   ƴ 1    λ ˹ ӿũ ep.12,¥                             
190,JTBC ƿ  强?!   ƴ 1    λ ˹ ӿũ ep.12,ġڋb      ¥ ...
191,JTBC ƿ  强?!   ƴ 1    λ ˹ ӿũ ep.12,Ժ               
192,JTBC ƿ  强?!   ƴ 1    λ ˹ ӿũ ep.12,"1:03 JTBC ٰ?
         TV  .......
          ο 鵵  ?

            "
193,JTBC ƿ  强?!   ƴ 1    λ ˹ ӿũ ep.12,Ժ        
194,JTBC ƿ  强?!   ƴ 1    λ ˹ ӿũ ep.12,ʿ              
195,JTBC ƿ  强?!   ƴ 1    λ ˹ ӿũ ep.12, ¥ Ƿηζ Ҵ     0:35
196,JTBC ƿ  强?!   ƴ 1    λ ˹ ӿũ ep.12, ¥ ģ ƴ?            տ!!  ҷ   !
197,JTBC ƿ  强?!   ƴ 1    λ ˹ ӿũ ep.12,8:57          ҳ  ݰ      
198,JTBC ƿ  强?!   ƴ 1    λ ˹ ӿũ ep.12,5:10 ȳȳȳ 
199,JTBC ƿ  强?!   ƴ 1    λ ˹ ӿũ ep.12,͵ ѽ               
200,JTBC ƿ  强?!   ƴ 1    λ ˹ ӿũ ep.12,               ָӴ ʹ               
201,JTBC ƿ  强?!   ƴ 1    λ ˹ ӿũ ep.12,8:14        
202,JTBC ƿ  强?!   ƴ 1    λ ˹ ӿũ ep.12,"޽ѸԴ 
ϴ  ǰϴٴ 
µ

ǰ ̾߱ ϽǶ
 §ϳ׿"
203,JTBC ƿ  强?!   ƴ 1    λ ˹ ӿũ ep.12,ȳȳ ā    ť      ܿ
204,JTBC ƿ  强?!   ƴ 1    λ ˹ ӿũ ep.12,           
205,JTBC ƿ  强?!   ƴ 1    λ ˹ ӿũ ep.12,        
206,JTBC ƿ  强?!   ƴ 1    λ ˹ ӿũ ep.12,2:06 񵵿                     
207,JTBC ƿ  强?!   ƴ 1    λ ˹ ӿũ ep.12,"1:34  jtbc ༺  ǳ? 
ܸ: 10?...?                     ɿ     "
208,JTBC ƿ  强?!   ƴ 1    λ ˹ ӿũ ep.12,Ʃ ä߿ ̰ ໡Ҵ         ¥ ƴ       
209,JTBC ƿ  强?!   ƴ 1    λ ˹ ӿũ ep.12,ƈ     ͺϴ 鵵 ໡ҳϰ ̾ϰ     
210,JTBC ƿ  强?!   ƴ 1    λ ˹ ӿũ ep.12,强      ʹ   
211,JTBC ƿ  强?!   ƴ 1    λ ˹ ӿũ ep.12," 强         
"
212,JTBC ƿ  强?!   ƴ 1    λ ˹ ӿũ ep.12,Ҹ ϴ  볪 ↶                                                               
213,JTBC ƿ  强?!   ƴ 1    λ ˹ ӿũ ep.12,  ¥ ↶     
214,JTBC ƿ  强?!   ƴ 1    λ ˹ ӿũ ep.12,ʿ      
215,JTBC ƿ  强?!   ƴ 1    λ ˹ ӿũ ep.12,5:00 Ȧμ      
216,JTBC ƿ  强?!   ƴ 1    λ ˹ ӿũ ep.12, ̷  ֳ  ȸ ⿬ڵ   ϼ     强   
217,JTBC ƿ  强?!   ƴ 1    λ ˹ ӿũ ep.12, ̹    ↶                   ̴                    ȸ翴 JTBCC               
218,JTBC ƿ  强?!   ƴ 1    λ ˹ ӿũ ep.12,3:15 ¥ ָӴ Ҹ ͿÈ     强԰ ˷ ڷ  ǽĵǳ
219,JTBC ƿ  强?!   ƴ 1    λ ˹ ӿũ ep.12, ϰ Ͻôµ!   ȭ
220,JTBC ƿ  强?!   ƴ 1    λ ˹ ӿũ ep.12,      ¥  Նr    
221,JTBC ƿ  强?!   ƴ 1    λ ˹ ӿũ ep.12,¥ ġڈ      
222,JTBC ƿ  强?!   ƴ 1    λ ˹ ӿũ ep.12,ϴ..  ̳ ְ (ѵ
223,JTBC ƿ  强?!   ƴ 1    λ ˹ ӿũ ep.12,¥  ճ          
224,JTBC ƿ  强?!   ƴ 1    λ ˹ ӿũ ep.12,6:42 ׸ FDƴ?      ϴ...
225,JTBC ƿ  强?!   ƴ 1    λ ˹ ӿũ ep.12, ¥ װڳ            ť          
226,JTBC ƿ  强?!   ƴ 1    λ ˹ ӿũ ep.12,         ĳ  ¥
227,JTBC ƿ  强?!   ƴ 1    λ ˹ ӿũ ep.12,20ʿ      ͵  õ        ġڴ          
228,JTBC ƿ  强?!   ƴ 1    λ ˹ ӿũ ep.12,ҳ    
229,JTBC ƿ  强?!   ƴ 1    λ ˹ ӿũ ep.12,ٵ ǻ ǹ  Ȼ ȵǸ ܵ Ÿؾ  ǰ ¾ȵ??? ¥  ߼   
230,JTBC ƿ  强?!   ƴ 1    λ ˹ ӿũ ep.12,           Ҹ ʹ Ϳ        
231,JTBC ƿ  强?!   ƴ 1    λ ˹ ӿũ ep.12,  Ұ ĥ Կ ſ. ֿ̹  .  ٷݽô     
232,JTBC ƿ  强?!   ƴ 1    λ ˹ ӿũ ep.12,          ¥ 
233,JTBC ƿ  强?!   ƴ 1    λ ˹ ӿũ ep.12,ƴ   Ѹ   D        
234,JTBC ƿ  强?!   ƴ 1    λ ˹ ӿũ ep.12,             ׷ ϰ       ٽó
235,JTBC ƿ  强?!   ƴ 1    λ ˹ ӿũ ep.12,¥        ũ ìܺ  ~~~~
236,JTBC ƿ  强?!   ƴ 1    λ ˹ ӿũ ep.12,06:05 ģ      强԰  ڸ̾   
237,JTBC ƿ  强?!   ƴ 1    λ ˹ ӿũ ep.12, վ  
238,JTBC ƿ  强?!   ƴ 1    λ ˹ ӿũ ep.12,Ժ 츮 ̸     
239,JTBC ƿ  强?!   ƴ 1    λ ˹ ӿũ ep.12, 볪                                                          
240,JTBC ƿ  强?!   ƴ 1    λ ˹ ӿũ ep.12,  츮п ٷξ̹    
241,JTBC ƿ  强?!   ƴ 1    λ ˹ ӿũ ep.12,̺  ̳ ϰ ɰ ǥ ϴϱ              
242,JTBC ƿ  强?!   ƴ 1    λ ˹ ӿũ ep.12,       ¥    ໡ҳ (?)    ťu     
243,JTBC ƿ  强?!   ƴ 1    λ ˹ ӿũ ep.12,¥             ʹ    
244,JTBC ƿ  强?!   ƴ 1    λ ˹ ӿũ ep.12,强Դ  ǥ                 ڴ            
245,JTBC ƿ  强?!   ƴ 1    λ ˹ ӿũ ep.12,  ڸ     
246,JTBC ƿ  强?!   ƴ 1    λ ˹ ӿũ ep.12,       ģ ̳ 볲      
247,JTBC ƿ  强?!   ƴ 1    λ ˹ ӿũ ep.12,强 ¥ λ                                                                 
248,JTBC ƿ  强?!   ƴ 1    λ ˹ ӿũ ep.12,    ¾ ¥.
249,JTBC ƿ  强?!   ƴ 1    λ ˹ ӿũ ep.12,ũ   ôµ ԺԿ ó            
250,JTBC ƿ  强?!   ƴ 1    λ ˹ ӿũ ep.12,6:37 ..   ű⿡?
251,JTBC ƿ  强?!   ƴ 1    λ ˹ ӿũ ep.12,7:38 Ժ  ҳ
252,JTBC ƿ  强?!   ƴ 1    λ ˹ ӿũ ep.12,6:44 ̶ ҹ ٴܰ   ϴ°              
253,JTBC ƿ  强?!   ƴ 1    λ ˹ ӿũ ep.12,      ¥  ﴩ  ҳ ͆    
254,JTBC ƿ  强?!   ƴ 1    λ ˹ ӿũ ep.12,           ..Ű..Oư      
255,JTBC ƿ  强?!   ƴ 1    λ ˹ ӿũ ep.12,"     ׿     
¥  վ"
256,JTBC ƿ  强?!   ƴ 1    λ ˹ ӿũ ep.12,Ժ         
257,JTBC ƿ  强?!   ƴ 1    λ ˹ ӿũ ep.12,                           
258,JTBC ƿ  强?!   ƴ 1    λ ˹ ӿũ ep.12,"ؼ . 
ũ   ð 𸣰 .
 ڽű ο Ƽ  .
ϴ ̴.
."
259,JTBC ƿ  强?!   ƴ 1    λ ˹ ӿũ ep.12,       ¥ ܵÈ   
260,JTBC ƿ  强?!   ƴ 1    λ ˹ ӿũ ep.12,ãƁJ              ƈ             
261,JTBC ƿ  强?!   ƴ 1    λ ˹ ӿũ ep.12,󰰈                                     
262,JTBC ƿ  强?!   ƴ 1    λ ˹ ӿũ ep.12,6:37 12 ī޶ pdƴ???ũ
263,JTBC ƿ  强?!   ƴ 1    λ ˹ ӿũ ep.12,JTBC  ҳ ~~ ݰ!                ʹ ⼼
264,JTBC ƿ  强?!   ƴ 1    λ ˹ ӿũ ep.12,     
265,JTBC ƿ  强?!   ƴ 1    λ ˹ ӿũ ep.12,3:19   ¡
266,JTBC ƿ  强?!   ƴ 1    λ ˹ ӿũ ep.12,ʹܟD                                          Ϳp             
267,JTBC ƿ  强?!   ƴ 1    λ ˹ ӿũ ep.12,ƈ    ĭ̎  ־             
268,JTBC ƿ  强?!   ƴ 1    λ ˹ ӿũ ep.12, ҳ  ݰ                                                       
269,JTBC ƿ  强?!   ƴ 1    λ ˹ ӿũ ep.12,8:59  强!?!!????
270,JTBC ƿ  强?!   ƴ 1    λ ˹ ӿũ ep.12, ↶                      
271,JTBC ƿ  强?!   ƴ 1    λ ˹ ӿũ ep.12,6:42  ̺  ׸ ǵ ƴϼ̳
272,JTBC ƿ  强?!   ƴ 1    λ ˹ ӿũ ep.12,    󰰈                 ũǿ ͽ ȿ ϱ ѹݰ 
273,JTBC ƿ  强?!   ƴ 1    λ ˹ ӿũ ep.12,㸮              ƴ
274,JTBC ƿ  强?!   ƴ 1    λ ˹ ӿũ ep.12, ҳ  ݱ䈼                                 
275,JTBC ƿ  强?!   ƴ 1    λ ˹ ӿũ ep.12,强 j    տ µ  
276,JTBC ƿ  强?!   ƴ 1    λ ˹ ӿũ ep.12,ƴ        Ժ               
277,JTBC ƿ  强?!   ƴ 1    λ ˹ ӿũ ep.12,͵                                                                                       
278,JTBC ƿ  强?!   ƴ 1    λ ˹ ӿũ ep.12," 븦     
˹ õ 
Ʈ ýڳ ˹ (ѱ Դ    )"
279,JTBC ƿ  强?!   ƴ 1    λ ˹ ӿũ ep.12,    
280,JTBC ƿ  强?!   ƴ 1    λ ˹ ӿũ ep.12,2:00 Ҹ           Ͼ~
281,JTBC ƿ  强?!   ƴ 1    λ ˹ ӿũ ep.12, ƴѰţ                  ¥ 
282,JTBC ƿ  强?!   ƴ 1    λ ˹ ӿũ ep.12,̹ ģ µ ʹ ܟD       
283,JTBC ƿ  强?!   ƴ 1    λ ˹ ӿũ ep.12,ü  ο淡  °ŝ          
284,JTBC ƿ  强?!   ƴ 1    λ ˹ ӿũ ep.12,¥  Ʈ ųƮ  
285,JTBC ƿ  强?!   ƴ 1    λ ˹ ӿũ ep.12,ʹ Ҿ              󰰈     
286,JTBC ƿ  强?!   ƴ 1    λ ˹ ӿũ ep.12,̿   ¥ ڱⰡ ſ          
287,JTBC ƿ  强?!   ƴ 1    λ ˹ ӿũ ep.12, ƴώL    
288,JTBC ƿ  强?!   ƴ 1    λ ˹ ӿũ ep.12,̴ ֹѰ ϴµ   ϰϴٴ..ʹϴ
289,JTBC ƿ  强?!   ƴ 1    λ ˹ ӿũ ep.12,   Ĺ~ 
290,JTBC ƿ  强?!   ƴ 1    λ ˹ ӿũ ep.12,  强Դ ̵ٴ   
291,JTBC ƿ  强?!   ƴ 1    λ ˹ ӿũ ep.12,3:38
292,JTBC ƿ  强?!   ƴ 1    λ ˹ ӿũ ep.12,2:02 ׿߿ Ѱ             
293,JTBC ƿ  强?!   ƴ 1    λ ˹ ӿũ ep.12,强԰ ũ ڸ  ˹ص ڴ
294,JTBC ƿ  强?!   ƴ 1    λ ˹ ӿũ ep.12,ڱ    Ѵ 帳ġ  ٷ Ѿµ   Ȳ  ҃      
295,JTBC ƿ  强?!   ƴ 1    λ ˹ ӿũ ep.12,  պ û µ   
296,JTBC ƿ  强?!   ƴ 1    λ ˹ ӿũ ep.12,  ȭr   
297,JTBC ƿ  强?!   ƴ 1    λ ˹ ӿũ ep.12,ִ ԰ ٵ ˹սô   
298,JTBC ƿ  强?!   ƴ 1    λ ˹ ӿũ ep.12,"  Ծµ е  峭 ƴ    
   3 ϸ Ϻ ޿ ......"
299,JTBC ƿ  强?!   ƴ 1    λ ˹ ӿũ ep.12,9:01  ƈ                                      
300,JTBC ƿ  强?!   ƴ 1    λ ˹ ӿũ ep.12,      ٴ° joon         
301,JTBC ƿ  强?!   ƴ 1    λ ˹ ӿũ ep.12,¥   ټ ƴ     
302,JTBC ƿ  强?!   ƴ 1    λ ˹ ӿũ ep.12, ʹ          
303,JTBC ƿ  强?!   ƴ 1    λ ˹ ӿũ ep.12, 强 ũ ѹ ⿡ ʹ . μ ⺻ ˶ 强
304,JTBC ƿ  强?!   ƴ 1    λ ˹ ӿũ ep.12, ƴѰ      
305,JTBC ƿ  强?!   ƴ 1    λ ˹ ӿũ ep.12,          
306,JTBC ƿ  强?!   ƴ 1    λ ˹ ӿũ ep.12,      ó µ ↶             Ϗ    
307,JTBC ƿ  强?!   ƴ 1    λ ˹ ӿũ ep.12,             
308,JTBC ƿ  强?!   ƴ 1    λ ˹ ӿũ ep.12,¥  ϳ          
309,JTBC ƿ  强?!   ƴ 1    λ ˹ ӿũ ep.12,1:55  ~
310,JTBC ƿ  强?!   ƴ 1    λ ˹ ӿũ ep.12,01:28
311,JTBC ƿ  强?!   ƴ 1    λ ˹ ӿũ ep.12,ʿ               Ǳ
312,JTBC ƿ  强?!   ƴ 1    λ ˹ ӿũ ep.12,ģ                  
313,JTBC ƿ  强?!   ƴ 1    λ ˹ ӿũ ep.12,¥ ↶                                       ڈ    ں    ϰ Ͻô°ŰV    
314,JTBC ƿ  强?!   ƴ 1    λ ˹ ӿũ ep.12, ̰  ̻ϴ ߾      
315,JTBC ƿ  强?!   ƴ 1    λ ˹ ӿũ ep.12,7:57          ¥ 볪     
316,JTBC ƿ  强?!   ƴ 1    λ ˹ ӿũ ep.12,      .   
317,JTBC ƿ  强?!   ƴ 1    λ ˹ ӿũ ep.12,ãư         Ƴ¥     
318,JTBC ƿ  强?!   ƴ 1    λ ˹ ӿũ ep.12,1:59 Ҹ ڸ̶ Ư¡ ĳġ ϴ                      K ~~~~~!!!!
319,JTBC ƿ  强?!   ƴ 1    λ ˹ ӿũ ep.12,Ժ     
320,JTBC ƿ  强?!   ƴ 1    λ ˹ ӿũ ep.12, ʹ ܾ.    
321,JTBC ƿ  强?!   ƴ 1    λ ˹ ӿũ ep.12,"01:57
强 : 4ź ?
??? : ̰ ׳ ź"
322,JTBC ƿ  强?!   ƴ 1    λ ˹ ӿũ ep.12,ƈ    ټ  ̝  
323,JTBC ƿ  强?!   ƴ 1    λ ˹ ӿũ ep.12,ٵ ׳   ֽø  ɱ? 5ð Կ
324,JTBC ƿ  强?!   ƴ 1    λ ˹ ӿũ ep.12,6:40 ʿ  PD  ׸?    Ű     
325,JTBC ƿ  强?!   ƴ 1    λ ˹ ӿũ ep.12,       
326,JTBC ƿ  强?!   ƴ 1    λ ˹ ӿũ ep.12, »̷                  
327,JTBC ƿ  强?!   ƴ 1    λ ˹ ӿũ ep.12,      ƆE                            
328,JTBC ƿ  强?!   ƴ 1    λ ˹ ӿũ ep.12,5:16                     ʹ ȣ̾  ãư                  
329,JTBC ƿ  强?!   ƴ 1    λ ˹ ӿũ ep.12,            Ӵ        Ʈ  jtbc 
330,JTBC ƿ  强?!   ƴ 1    λ ˹ ӿũ ep.12, ҳ  ̎L        
331,JTBC ƿ  强?!   ƴ 1    λ ˹ ӿũ ep.12,¥              
332,JTBC ƿ  强?!   ƴ 1    λ ˹ ӿũ ep.12,ũ ƾ     
333,JTBC ƿ  强?!   ƴ 1    λ ˹ ӿũ ep.12,           ƹġًb       밡    
334,JTBC ƿ  强?!   ƴ 1    λ ˹ ӿũ ep.12, ҳ  ݱ䈼           
335,JTBC ƿ  强?!   ƴ 1    λ ˹ ӿũ ep.12,5:10 5:10
336,JTBC ƿ  强?!   ƴ 1    λ ˹ ӿũ ep.12,8:57     
337,JTBC ƿ  强?!   ƴ 1    λ ˹ ӿũ ep.12,Ժ ¥                 ƴ  §žƴϳ ¥       Ȳ̴ֳ                  强ԸԾƴ϶ ׳ » Ȳ ٿ                 
338,JTBC ƿ  强?!   ƴ 1    λ ˹ ӿũ ep.12,ʟ      ȳȳ ġڳ   
339,JTBC ƿ  强?!   ƴ 1    λ ˹ ӿũ ep.12,           
340,JTBC ƿ  强?!   ƴ 1    λ ˹ ӿũ ep.12,  ʿ    
341,JTBC ƿ  强?!   ƴ 1    λ ˹ ӿũ ep.12,ʿ       
342,JTBC ƿ  强?!   ƴ 1    λ ˹ ӿũ ep.12,"01:29         ڸ                

 
"
343,JTBC ƿ  强?!   ƴ 1    λ ˹ ӿũ ep.12,3:15 ~~~~    
344,JTBC ƿ  强?!   ƴ 1    λ ˹ ӿũ ep.12,ٴ° ↶    
345,JTBC ƿ  强?!   ƴ 1    λ ˹ ӿũ ep.12,ìZ    
346,JTBC ƿ  强?!   ƴ 1    λ ˹ ӿũ ep.12,ƴ O        ÆE    
347,JTBC ƿ  强?!   ƴ 1    λ ˹ ӿũ ep.12,           
348,JTBC ƿ  强?!   ƴ 1    λ ˹ ӿũ ep.12,6:39    ׸ ʱ   FDΰ??   ƴѰ...????  ̴µ
349,JTBC ƿ  强?!   ƴ 1    λ ˹ ӿũ ep.12,         »     
350,JTBC ƿ  强?!   ƴ 1    λ ˹ ӿũ ep.12,        ¥໡       
351,JTBC ƿ  强?!   ƴ 1    λ ˹ ӿũ ep.12,ΰ  θ ǰ Ѵٰ غ.    ӱ
352,JTBC ƿ  强?!   ƴ 1    λ ˹ ӿũ ep.12,¥ ڸº  â          ʹ
353,JTBC ƿ  强?!   ƴ 1    λ ˹ ӿũ ep.12,5:56    ΰ?
354,JTBC ƿ  强?!   ƴ 1    λ ˹ ӿũ ep.12,              
355,JTBC ƿ  强?!   ƴ 1    λ ˹ ӿũ ep.12,󰰈               
356,JTBC ƿ  强?!   ƴ 1    λ ˹ ӿũ ep.12,1:48  Կ ߴ    ǽ̶ ź ¥   ¥ ŹڰŔj            
357,JTBC ƿ  强?!   ƴ 1    λ ˹ ӿũ ep.12,  ā   
358,JTBC ƿ  强?!   ƴ 1    λ ˹ ӿũ ep.12,Y       
359,JTBC ƿ  强?!   ƴ 1    λ ˹ ӿũ ep.12,        
360,JTBC ƿ  强?!   ƴ 1    λ ˹ ӿũ ep.12,  ̰ ҽψ                  
361,JTBC ƿ  强?!   ƴ 1    λ ˹ ӿũ ep.12,󰰈         
362,JTBC ƿ  强?!   ƴ 1    λ ˹ ӿũ ep.12,ʿ        
363,JTBC ƿ  强?!   ƴ 1    λ ˹ ӿũ ep.12,    
364,JTBC ƿ  强?!   ƴ 1    λ ˹ ӿũ ep.12,    ߴ              
365,JTBC ƿ  强?!   ƴ 1    λ ˹ ӿũ ep.12,"强Ե ư ڵ ư
 ģ иϴ          "
366,JTBC ƿ  强?!   ƴ 1    λ ˹ ӿũ ep.12,ø꿵 ˹ٻ        ű⵵  øµ     
367,JTBC ƿ  强?!   ƴ 1    λ ˹ ӿũ ep.12,¥     
368,JTBC ƿ  强?!   ƴ 1    λ ˹ ӿũ ep.12,    
369,JTBC ƿ  强?!   ƴ 1    λ ˹ ӿũ ep.12,强Դ Ʃ꿡      ̽ô븦  ¾Ű
370,JTBC ƿ  强?!   ƴ 1    λ ˹ ӿũ ep.12,ũ ε N                                
371,JTBC ƿ  强?!   ƴ 1    λ ˹ ӿũ ep.12,㸮         
372,JTBC ƿ  强?!   ƴ 1    λ ˹ ӿũ ep.12,"              ýϴ
 Ǯ "
373,JTBC ƿ  强?!   ƴ 1    λ ˹ ӿũ ep.12,ְ. ¥   
374,JTBC ƿ  强?!   ƴ 1    λ ˹ ӿũ ep.12,3:29~3:40        
375,JTBC ƿ  强?!   ƴ 1    λ ˹ ӿũ ep.12,밡L     
376,JTBC ƿ  强?!   ƴ 1    λ ˹ ӿũ ep.12,㸮  A             
377,JTBC ƿ  强?!   ƴ 1    λ ˹ ӿũ ep.12, ȳȳ Ҷ ״         Ϳó׿
378,JTBC ƿ  强?!   ƴ 1    λ ˹ ӿũ ep.12,ʹƿ 强     
379,JTBC ƿ  强?!   ƴ 1    λ ˹ ӿũ ep.12,҆E                                     
380,JTBC ƿ  强?!   ƴ 1    λ ˹ ӿũ ep.12,6:23  ̸ ͼ ڳ   
381,JTBC ƿ  强?!   ƴ 1    λ ˹ ӿũ ep.12,强Դ  ̻̿       
382,JTBC ƿ  强?!   ƴ 1    λ ˹ ӿũ ep.12,ͽ ٰ ũ fµ ̰͵ 볪׿~ 强Դ 뼼 뼼ε~
383,JTBC ƿ  强?!   ƴ 1    λ ˹ ӿũ ep.12,҆E        ƳN    
384,JTBC ƿ  强?!   ƴ 1    λ ˹ ӿũ ep.12,"ƾ 
2:04

3:05"
385,JTBC ƿ  强?!   ƴ 1    λ ˹ ӿũ ep.12, ̴   ڸ                   
386,JTBC ƿ  强?!   ƴ 1    λ ˹ ӿũ ep.12,6:42 ũ PD  ׸  FD  PD Ͻó׿ ⼭ ϱ ǰ ݰ...
387,JTBC ƿ  强?!   ƴ 1    λ ˹ ӿũ ep.12,           
388,JTBC ƿ  强?!   ƴ 1    λ ˹ ӿũ ep.12,Ժ                       
389,JTBC ƿ  强?!   ƴ 1    λ ˹ ӿũ ep.12,"¾      
' '  Ÿ ƴѰ ٰ ߾            "
390,JTBC ƿ  强?!   ƴ 1    λ ˹ ӿũ ep.12,   Ժ԰     Ű
391,JTBC ƿ  强?!   ƴ 1    λ ˹ ӿũ ep.12,                                                ɹ̹
392,JTBC ƿ  强?!   ƴ 1    λ ˹ ӿũ ep.12,Ҹ ↶   
393,JTBC ƿ  强?!   ƴ 1    λ ˹ ӿũ ep.12,Ű             ũ ʹ ܿ     
394,JTBC ƿ  强?!   ƴ 1    λ ˹ ӿũ ep.12," ĸٰƮ ָ   ˹ٿ....
¥ Դϴ     Ź"
395,JTBC ƿ  强?!   ƴ 1    λ ˹ ӿũ ep.12, 10:          ͠        
396,JTBC ƿ  强?!   ƴ 1    λ ˹ ӿũ ep.12,ãưL             
397,JTBC ƿ  强?!   ƴ 1    λ ˹ ӿũ ep.12,ҳ    
398,JTBC ƿ  强?!   ƴ 1    λ ˹ ӿũ ep.12, ̸       
399,JTBC ƿ  强?!   ƴ 1    λ ˹ ӿũ ep.12,       
400,JTBC ƿ  强?!   ƴ 1    λ ˹ ӿũ ep.12,3  60̾µ ߳    
401,JTBC ƿ  强?!   ƴ 1    λ ˹ ӿũ ep.12,           볪      
402,JTBC ƿ  强?!   ƴ 1    λ ˹ ӿũ ep.12,10: ....?    
403,JTBC ƿ  强?!   ƴ 1    λ ˹ ӿũ ep.12,"ȭ ȳ˹     
 ճ Źմϴ    "
404,JTBC ƿ  强?!   ƴ 1    λ ˹ ӿũ ep.12,强      ¥  Ű ƿ
405,JTBC ƿ  强?!   ƴ 1    λ ˹ ӿũ ep.12,󰰴            
406,JTBC ƿ  强?!   ƴ 1    λ ˹ ӿũ ep.12,        ҳ
407,JTBC ƿ  强?!   ƴ 1    λ ˹ ӿũ ep.12, ̳                         󰰾       
408,JTBC ƿ  强?!   ƴ 1    λ ˹ ӿũ ep.12,  ô     
409,JTBC ƿ  强?!   ƴ 1    λ ˹ ӿũ ep.12,  Ƴİ   
410,JTBC ƿ  强?!   ƴ 1    λ ˹ ӿũ ep.12,ġ ߳       
411,JTBC ƿ  强?!   ƴ 1    λ ˹ ӿũ ep.12,"6:42     ׸  fd
 ƴϽŰ????????"
412,JTBC ƿ  强?!   ƴ 1    λ ˹ ӿũ ep.12,01:29    ڸ ʹ .. .....
413,JTBC ƿ  强?!   ƴ 1    λ ˹ ӿũ ep.12,ũ վ    
414,JTBC ƿ  强?!   ƴ 1    λ ˹ ӿũ ep.12,      ҳ ٹݰ       
415,JTBC ƿ  强?!   ƴ 1    λ ˹ ӿũ ep.12,¥ վ    
416,JTBC ƿ  强?!   ƴ 1    λ ˹ ӿũ ep.12,1:27 ¦ Ĵٺ         Ƴ
417,JTBC ƿ  强?!   ƴ 1    λ ˹ ӿũ ep.12,"ͼ ãƁJ    
   帳  ֿ    
强Ծ ¥ ʹ ƟD    
      ؼ            "
418,JTBC ƿ  强?!   ƴ 1    λ ˹ ӿũ ep.12, ҳ >_<        Ϳ
419,JTBC ƿ  强?!   ƴ 1    λ ˹ ӿũ ep.12, ָӴ Ʈ..   
420,JTBC ƿ  强?!   ƴ 1    λ ˹ ӿũ ep.12,ȸ     
421,JTBC ƿ  强?!   ƴ 1    λ ˹ ӿũ ep.12,4:50          Ƿ?              
422,JTBC ƿ  强?!   ƴ 1    λ ˹ ӿũ ep.12,1:30               ¥  Ͻô   ÷߰ڴ                    
423,JTBC ƿ  强?!   ƴ 1    λ ˹ ӿũ ep.12,       ̰ ռҸ ߴµ  ذ      
424,JTBC ƿ  强?!   ƴ 1    λ ˹ ӿũ ep.12, ¥   
425,JTBC ƿ  强?!   ƴ 1    λ ˹ ӿũ ep.12,Jtbc ʹ ~  ҳ  ݰ        
426,JTBC ƿ  强?!   ƴ 1    λ ˹ ӿũ ep.12,󰰈        
427,JTBC ƿ  强?!   ƴ 1    λ ˹ ӿũ ep.12,ʿ      ģ    
428,JTBC ƿ  强?!   ƴ 1    λ ˹ ӿũ ep.12, ̴            
429,JTBC ƿ  强?!   ƴ 1    λ ˹ ӿũ ep.12,6:41 ? ̺? ׸ǿ ԽƮ ã  ׸ ϴ FDε..   PD Ǽ̳     
430,JTBC ƿ  强?!   ƴ 1    λ ˹ ӿũ ep.12,强 ʹ ʹ  ϴ°  ̳׿!!
431,JTBC ƿ  强?!   ƴ 1    λ ˹ ӿũ ep.12,ͽǰ ݶ ٸԿ!!!!!!!       
432,JTBC ƿ  强?!   ƴ 1    λ ˹ ӿũ ep.12,0:33                                               
433,JTBC ƿ  强?!   ƴ 1    λ ˹ ӿũ ep.12,6:42 ̺  ׸  fd ƴϽ.?
434,JTBC ƿ  强?!   ƴ 1    λ ˹ ӿũ ep.12,"໡Ҵ 强X, ׽Ʈ ϶!  ʹ   "
435,JTBC ƿ  强?!   ƴ 1    λ ˹ ӿũ ep.12,  ָӴϿ
436,JTBC ƿ  强?!   ƴ 1    λ ˹ ӿũ ep.12,  Űf H f
437,JTBC ƿ  强?!   ƴ 1    λ ˹ ӿũ ep.12," Ҹ   Ҹ ϴ 强 Ҹ ʹ              
~       "
438,JTBC ƿ  强?!   ƴ 1    λ ˹ ӿũ ep.12,"ġڴ ʹ 
Jtbc       ģ"
439,JTBC ƿ  强?!   ƴ 1    λ ˹ ӿũ ep.12,          ϴ°                          
440,JTBC ƿ  强?!   ƴ 1    λ ˹ ӿũ ep.12,"4:36 ɿ~
4:40 ɿ~
4:43 ɿ~"
441,JTBC ƿ  强?!   ƴ 1    λ ˹ ӿũ ep.12,强 帳          
442,JTBC ƿ  强?!   ƴ 1    λ ˹ ӿũ ep.12,"5:08 Z      ϴ α    ƴԿ  ȵǴٰ ⼭             强,ũ ȣ ض!!"
443,JTBC ƿ  强?!   ƴ 1    λ ˹ ӿũ ep.12,"jtbc ƿ...     强Ը ٽ  Ŭ.... ִ Ƴ īؼ ° ̱ .   ָ, ׸ŭ ִ ̾ Ѵ. cj ó.. ռ  ʽ  ....
 1ε...  ʽ pd ڳ. ϰԶ ."
444,JTBC ƿ  强?!   ƴ 1    λ ˹ ӿũ ep.12,ٰ һߴ    Ƴ     
445,JTBC ƿ  强?!   ƴ 1    λ ˹ ӿũ ep.12,"~!!  Ƴ~ ~ û ̿~!!!
 ó˾~!!  ~!!!"
446,JTBC ƿ  强?!   ƴ 1    λ ˹ ӿũ ep.12,7:56 Ѻǿ Կϴ ǸϷ Ǹڿ ǸŴϴ Һ ų׷...
447,JTBC ƿ  强?!   ƴ 1    λ ˹ ӿũ ep.12,              
448,JTBC ƿ  强?!   ƴ 1    λ ˹ ӿũ ep.12,ٵ ˹ ּ  
449,JTBC ƿ  强?!   ƴ 1    λ ˹ ӿũ ep.12," ʴ  
 
                           ā               "
450,JTBC ƿ  强?!   ƴ 1    λ ˹ ӿũ ep.12,hoxy           
451,JTBC ƿ  强?!   ƴ 1    λ ˹ ӿũ ep.12,6:47 㸮    õ V                    
452,JTBC ƿ  强?!   ƴ 1    λ ˹ ӿũ ep.12,                        Ű ϳ
453,JTBC ƿ  强?!   ƴ 1    λ ˹ ӿũ ep.12,¥ƈ      ʹ ͽǺ վ     ټ̾
454,JTBC ƿ  强?!   ƴ 1    λ ˹ ӿũ ep.12,     
455,JTBC ƿ  强?!   ƴ 1    λ ˹ ӿũ ep.12,㸮          
456,JTBC ƿ  强?!   ƴ 1    λ ˹ ӿũ ep.12, jtbcΰ ÷˝ 
457,JTBC ƿ  强?!   ƴ 1    λ ˹ ӿũ ep.12,     
458,JTBC ƿ  强?!   ƴ 1    λ ˹ ӿũ ep.12,վ ۱ ϴ°͵      强 Ƴ  
459,JTBC ƿ  强?!   ƴ 1    λ ˹ ӿũ ep.12,󼱹 ʹ ߶ϰ         
460,JTBC ƿ  强?!   ƴ 1    λ ˹ ӿũ ep.12,6:39 ׸ FD 
461,JTBC ƿ  强?!   ƴ 1    λ ˹ ӿũ ep.12,"06:07 
 ̰ 强԰ ſ   ڸ ϴٰ µ          "
462,JTBC ƿ  强?!   ƴ 1    λ ˹ ӿũ ep.12,ĸٰƮ ʹ޶󱸿       ϴµ ö     Ե Դٱ!!
463,JTBC ƿ  强?!   ƴ 1    λ ˹ ӿũ ep.12,޶   µ  ؾߵǼ  ρ               N      
464,JTBC ƿ  强?!   ƴ 1    λ ˹ ӿũ ep.12,Ű      ҆E    
465,JTBC ƿ  强?!   ƴ 1    λ ˹ ӿũ ep.12,"ڰ ۱ϱ
ڰ  Ĺ   "
466,JTBC ƿ  强?!   ƴ 1    λ ˹ ӿũ ep.12,μ ..? ˹   ͳ׿
467,JTBC ƿ  强?!   ƴ 1    λ ˹ ӿũ ep.12,Ҹ ʹ  Ͼ ƾ~!!
468,JTBC ƿ  强?!   ƴ 1    λ ˹ ӿũ ep.12,Ƴ߿  ŰŰƿ   
469,JTBC ƿ  强?!   ƴ 1    λ ˹ ӿũ ep.12,帳~~  
470,JTBC ƿ  强?!   ƴ 1    λ ˹ ӿũ ep.12,ƴ                          
471,JTBC ƿ  强?!   ƴ 1    λ ˹ ӿũ ep.12, ְī˹Ͻø ǰ ߳ǰŰ ģ鵵ְϴ
472,JTBC ƿ  强?!   ƴ 1    λ ˹ ӿũ ep.12,""" ̰ ҽϴ""                ƴ      "
473,JTBC ƿ  强?!   ƴ 1    λ ˹ ӿũ ep.12,Ҹ ϴ°            
474,JTBC ƿ  强?!   ƴ 1    λ ˹ ӿũ ep.12,:󰰴         
475,JTBC ƿ  强?!   ƴ 1    λ ˹ ӿũ ep.12,¥ ļӺ  强
476,JTBC ƿ  强?!   ƴ 1    λ ˹ ӿũ ep.12,               
477,JTBC ƿ  强?!   ƴ 1    λ ˹ ӿũ ep.12,5:08 ȳȳ
478,JTBC ƿ  强?!   ƴ 1    λ ˹ ӿũ ep.12,                     
479,JTBC ƿ  强?!   ƴ 1    λ ˹ ӿũ ep.12,󰰈           
480,JTBC ƿ  强?!   ƴ 1    λ ˹ ӿũ ep.12, ¾˹ּ
481,JTBC ƿ  强?!   ƴ 1    λ ˹ ӿũ ep.12,"6:08  Ҹ    
 
 
 
 
 
 
 
  κи ̻ϴٰ ߾µ ؾȵǼ   "
482,JTBC ƿ  强?!   ƴ 1    λ ˹ ӿũ ep.12,ũ ø ߿   
483,JTBC ƿ  强?!   ƴ 1    λ ˹ ӿũ ep.12,       
484,JTBC ƿ  强?!   ƴ 1    λ ˹ ӿũ ep.12,"¥    ھ    鸸!!!   ̼ 迵ö ƴ   ȣε...    
  ̼   α׷?  ణ ôϴ°źþ.. 峭̰     
 ߵǼ !! ׵ 强Դ ɷ ˾ ھ!! ^^"
485,JTBC ƿ  强?!   ƴ 1    λ ˹ ӿũ ep.12,°   
486,JTBC ƿ  强?!   ƴ 1    λ ˹ ӿũ ep.12,0:33..ƹ ׷ »̶..   
487,JTBC ƿ  强?!   ƴ 1    λ ˹ ӿũ ep.12,¥쳢  
488,JTBC ƿ  强?!   ƴ 1    λ ˹ ӿũ ep.12,z              ҳ  ݰ     
489,JTBC ƿ  强?!   ƴ 1    λ ˹ ӿũ ep.12,μ ˹ٵ ּ  Ƣϴ°ɷ!!!!
490,JTBC ƿ  强?!   ƴ 1    λ ˹ ӿũ ep.12, Ű     
491,JTBC ƿ  强?!   ƴ 1    λ ˹ ӿũ ep.12,ƴ ¡        3:35 Ӹ  L  zzzz       Ʈ ̫ ¥
492,JTBC ƿ  强?!   ƴ 1    λ ˹ ӿũ ep.12,ũ ī޶ ϱ   
493,JTBC ƿ  强?!   ƴ 1    λ ˹ ӿũ ep.12,󰰴    
494,JTBC ƿ  强?!   ƴ 1    λ ˹ ӿũ ep.12,7:55 ׸Ǳ  强..
495,JTBC ƿ  强?!   ƴ 1    λ ˹ ӿũ ep.12,6:05 !?
496,JTBC ƿ  强?!   ƴ 1    λ ˹ ӿũ ep.12,9:13 running man past PD?!!!!!!!!!!
497,JTBC ƿ  强?!   ƴ 1    λ ˹ ӿũ ep.12, Ʈ  ̴     ƴ       
498,JTBC ƿ  强?!   ƴ 1    λ ˹ ӿũ ep.12," Ҵ ~ ʿ~ ~~~ 
~  "
499,JTBC ƿ  强?!   ƴ 1    λ ˹ ӿũ ep.12,                          
500,JTBC ƿ  强?!   ƴ 1    λ ˹ ӿũ ep.12, ҳ  ݱ   JTBC    
501,JTBC ƿ  强?!   ƴ 1    λ ˹ ӿũ ep.12,ҳٹ݁   
502,JTBC ƿ  强?!   ƴ 1    λ ˹ ӿũ ep.12,"󼱹  ҳ    
 强 밡 帳  ġ  Ʈ Ǯ  "
503,JTBC ƿ  强?!   ƴ 1    λ ˹ ӿũ ep.12,     ʹ  1:59 2:04 3:05 3:15
504,JTBC ƿ  强?!   ƴ 1    λ ˹ ӿũ ep.12,Կ ؿ~~~~~~~~~໡
505,JTBC ƿ  强?!   ƴ 1    λ ˹ ӿũ ep.12,7:24 8:01             
506,JTBC ƿ  强?!   ƴ 1    λ ˹ ӿũ ep.12,"å 밡             ,,,,"
507,JTBC ƿ  强?!   ƴ 1    λ ˹ ӿũ ep.12,"2:09 ƾ~?
  !!!!"
508,JTBC ƿ  强?!   ƴ 1    λ ˹ ӿũ ep.12,ũ ѳ ִ           
509,JTBC ƿ  强?!   ƴ 1    λ ˹ ӿũ ep.12,ճ׿  ٰ 9  
510,JTBC ƿ  强?!   ƴ 1    λ ˹ ӿũ ep.12,ȱ׷ 䵥  ָӴϵ ¥ ׿    
511,JTBC ƿ  强?!   ƴ 1    λ ˹ ӿũ ep.12,   ... SBS ִ FD ⼭ ˳׿~   ݰ~    ׻ ְ ־
512,JTBC ƿ  强?!   ƴ 1    λ ˹ ӿũ ep.12,ýÿ ˹ٿ!!! ýŸ մԵ̶ ̷ ϸ   ƿ īīý   ϸ   Ǵ ý۵            
513,JTBC ƿ  强?!   ƴ 1    λ ˹ ӿũ ep.12,   ãư        
514,JTBC ƿ  强?!   ƴ 1    λ ˹ ӿũ ep.12,jtbc ҳ ϴ...   
515,JTBC ƿ  强?!   ƴ 1    λ ˹ ӿũ ep.12,6:41 ׸ FD?
516,JTBC ƿ  强?!   ƴ 1    λ ˹ ӿũ ep.12,~ 
517,JTBC ƿ  强?!   ƴ 1    λ ˹ ӿũ ep.12,͵                                          
518,JTBC ƿ  强?!   ƴ 1    λ ˹ ӿũ ep.12,ҳ   
519,JTBC ƿ  强?!   ƴ 1    λ ˹ ӿũ ep.12,㸮  .          
520,JTBC ƿ  强?!   ƴ 1    λ ˹ ӿũ ep.12,6:42 Ȥ ׸....³..??
521,JTBC ƿ  强?!   ƴ 1    λ ˹ ӿũ ep.12,1ð̸ Ұ 5ð ߾       
522,JTBC ƿ  强?!   ƴ 1    λ ˹ ӿũ ep.12,6:40 ׸ FDƴ?
523,JTBC ƿ  强?!   ƴ 1    λ ˹ ӿũ ep.12,  ̰ ҽϴ       ˿ ƴ    
524,JTBC ƿ  强?!   ƴ 1    λ ˹ ӿũ ep.12,6:41 κп  ׸ǿ  ǵ ƴϽŰ..?
525,JTBC ƿ  强?!   ƴ 1    λ ˹ ӿũ ep.12,   ¥ ֳ׿ ҹ  οԴ    ϴ.
526,JTBC ƿ  强?!   ƴ 1    λ ˹ ӿũ ep.12,强 Ϳ
527,JTBC ƿ  强?!   ƴ 1    λ ˹ ӿũ ep.12, ҳ  ݱ JTBC Ѱܳ 强 ...
528,JTBC ƿ  强?!   ƴ 1    λ ˹ ӿũ ep.12,󰰴        
529,JTBC ƿ  强?!   ƴ 1    λ ˹ ӿũ ep.12, Ǯ  Դµ ¥   ༭  ö ׷   
530,JTBC ƿ  强?!   ƴ 1    λ ˹ ӿũ ep.12,󰰴   
531,JTBC ƿ  强?!   ƴ 1    λ ˹ ӿũ ep.12, Ʈٰ 󿩻ԸןD        
532,JTBC ƿ  强?!   ƴ 1    λ ˹ ӿũ ep.12,3:03 ڸ Ƴİ               
533,JTBC ƿ  强?!   ƴ 1    λ ˹ ӿũ ep.12,1:59   ̸
534,JTBC ƿ  强?!   ƴ 1    λ ˹ ӿũ ep.12, ƿ ּ ~~~!  ص ^^
535,JTBC ƿ  强?!   ƴ 1    λ ˹ ӿũ ep.12,Դ η   
536,JTBC ƿ  强?!   ƴ 1    λ ˹ ӿũ ep.12,Ÿӽ  ˹    õմϴ
537,JTBC ƿ  强?!   ƴ 1    λ ˹ ӿũ ep.12,6:43 ̺ ׸ǿ ǳ Ͻô!!!!!!!!!
538,JTBC ƿ  强?!   ƴ 1    λ ˹ ӿũ ep.12,»         
539,JTBC ƿ  强?!   ƴ 1    λ ˹ ӿũ ep.12,      ʹ ճ׿
540,JTBC ƿ  强?!   ƴ 1    λ ˹ ӿũ ep.12,҆E   ٹݱ䵥
541,JTBC ƿ  强?!   ƴ 1    λ ˹ ӿũ ep.12,     ֳ׿   ϴ~~!! Bäε     
542,JTBC ƿ  强?!   ƴ 1    λ ˹ ӿũ ep.12,I'm too early again huhuhu.. Notif Squad here!
543,JTBC ƿ  强?!   ƴ 1    λ ˹ ӿũ ep.12,ͽԸ Z  ڸ ֱ!!!! ּ
544,JTBC ƿ  强?!   ƴ 1    λ ˹ ӿũ ep.12,ҳ                                          
545,JTBC ƿ  强?!   ƴ 1    λ ˹ ӿũ ep.12,̾˹ٿ!!      
546,JTBC ƿ  强?!   ƴ 1    λ ˹ ӿũ ep.12,"6:39 ̶  PD ׸ǿ ̴ PD ΰ?.,,..."
547,JTBC ƿ  强?!   ƴ 1    λ ˹ ӿũ ep.12,       ¥   强Ե հ Ӵϵ հ ۱ 鵵  ճ.
548,JTBC ƿ  强?!   ƴ 1    λ ˹ ӿũ ep.12,6:41 ǵ ׸ǿ Ű?
549,JTBC ƿ  强?!   ƴ 1    λ ˹ ӿũ ep.12,jtbc  ݴϴ                 
550,JTBC ƿ  强?!   ƴ 1    λ ˹ ӿũ ep.12,4:25     
551,JTBC ƿ  强?!   ƴ 1    λ ˹ ӿũ ep.12,"强
  ʶ"
552,JTBC ƿ  强?!   ƴ 1    λ ˹ ӿũ ep.12,㸮      
553,JTBC ƿ  强?!   ƴ 1    λ ˹ ӿũ ep.12,װ ..? ãư                     
554,JTBC ƿ  强?!   ƴ 1    λ ˹ ӿũ ep.12,    ǿ  ڴ              
555,JTBC ƿ  强?!   ƴ 1    λ ˹ ӿũ ep.12,󰰴               
556,JTBC ƿ  强?!   ƴ 1    λ ˹ ӿũ ep.12,7:58...̾!!! پ!!!         ġ ʰ ٷ Ƣ            ߰ Ĺ ()     
557,JTBC ƿ  强?!   ƴ 1    λ ˹ ӿũ ep.12,ũ̶ ͽ jtbc ٴ
558,JTBC ƿ  强?!   ƴ 1    λ ˹ ӿũ ep.12,"ָӴϿҸ    
¥ʹ   "
559,JTBC ƿ  强?!   ƴ 1    λ ˹ ӿũ ep.12,䱸Ʈ ܸ ּ               ״ ԰
560,JTBC ƿ  强?!   ƴ 1    λ ˹ ӿũ ep.12,   
561,JTBC ƿ  强?!   ƴ 1    λ ˹ ӿũ ep.12, Ժ                   
562,JTBC ƿ  强?!   ƴ 1    λ ˹ ӿũ ep.12,     ƴ   
563,JTBC ƿ  强?!   ƴ 1    λ ˹ ӿũ ep.12,3:32 ̰  ໡Ҿ   ̻ϰ س̾   
564,JTBC ƿ  强?!   ƴ 1    λ ˹ ӿũ ep.12,    ó ԰¿ ڿ 䰰
565,JTBC ƿ  强?!   ƴ 1    λ ˹ ӿũ ep.12,¥        վְ
566,JTBC ƿ  强?!   ƴ 1    λ ˹ ӿũ ep.12,03:36 ʿ           
567,JTBC ƿ  强?!   ƴ 1    λ ˹ ӿũ ep.12,໡ҳ  
568,JTBC ƿ  强?!   ƴ 1    λ ˹ ӿũ ep.12,ȳȳȳȳȳ     
569,JTBC ƿ  强?!   ƴ 1    λ ˹ ӿũ ep.12,6:40  ׸ PD̴̼µ
570,JTBC ƿ  强?!   ƴ 1    λ ˹ ӿũ ep.12, ȴ ҳ    
571,JTBC ƿ  强?!   ƴ 1    λ ˹ ӿũ ep.12,强  vs   ????!!!!                 
572,JTBC ƿ  强?!   ƴ 1    λ ˹ ӿũ ep.12,               
573,JTBC ƿ  强?!   ƴ 1    λ ˹ ӿũ ep.12,5:10
574,JTBC ƿ  强?!   ƴ 1    λ ˹ ӿũ ep.12,ڳ »     ϰ    
575,JTBC ƿ  强?!   ƴ 1    λ ˹ ӿũ ep.12,", Ե, ĳȺ(ǿ), μ, , ī, ȥ, Ʈ, ѷ(), Vrü, Ͻ, (佺Ƽ) , (), ž˹, (ȭǰ տ ũ  ϴ )...  غԿ   "
576,JTBC ƿ  强?!   ƴ 1    λ ˹ ӿũ ep.12,"Ӵ:  Ʈ  ڳ~
强: ǥ      "
577,JTBC ƿ  强?!   ƴ 1    λ ˹ ӿũ ep.12,    õ ໡
578,JTBC ƿ  强?!   ƴ 1    λ ˹ ӿũ ep.12,ҳ      
579,JTBC ƿ  强?!   ƴ 1    λ ˹ ӿũ ep.12,ʿ                
580,JTBC ƿ  强?!   ƴ 1    λ ˹ ӿũ ep.12,3:15 Ͼ~!
581,JTBC ƿ  强?!   ƴ 1    λ ˹ ӿũ ep.12,¥ θϰڴ   
582,JTBC ƿ  强?!   ƴ 1    λ ˹ ӿũ ep.12,    ׷          
583,JTBC ƿ  强?!   ƴ 1    λ ˹ ӿũ ep.12,¥  
584,JTBC ƿ  强?!   ƴ 1    λ ˹ ӿũ ep.12, ȿ ..?  
585,JTBC ƿ  强?!   ƴ 1    λ ˹ ӿũ ep.12,ƴ    强԰ ſ?        帳 ְ
586,JTBC ƿ  强?!   ƴ 1    λ ˹ ӿũ ep.12,໡ҳ         
587,JTBC ƿ  强?!   ƴ 1    λ ˹ ӿũ ep.12,̎L      
588,JTBC ƿ  强?!   ƴ 1    λ ˹ ӿũ ep.12,        ùٵ
589,JTBC ƿ  强?!   ƴ 1    λ ˹ ӿũ ep.12,"߱忡 ֺ ˹ٸ ġ ˹ ּ,,̽ŵ,, ũƼ԰ §¥~"
590,JTBC ƿ  强?!   ƴ 1    λ ˹ ӿũ ep.12,    Ƴ ³İ     ܾ 
591,JTBC ƿ  强?!   ƴ 1    λ ˹ ӿũ ep.12,强 ׽Ʈ غ ϴ° ƴ??!  ¥ ໡ ϴµ.   Ȱ¼ ũ!!!
592,JTBC ƿ  强?!   ƴ 1    λ ˹ ӿũ ep.12,10                                   
593,JTBC ƿ  强?!   ƴ 1    λ ˹ ӿũ ep.12,4:26ʿ ?? ְ?? ǻҶ??
594,JTBC ƿ  强?!   ƴ 1    λ ˹ ӿũ ep.12,ռ ־ 强԰  츮Ĺ ̷ ̾ٵ       
595,JTBC ƿ  强?!   ƴ 1    λ ˹ ӿũ ep.12,ҳ                        
596,JTBC ƿ  强?!   ƴ 1    λ ˹ ӿũ ep.12,ũ ¥ ..̫
597,JTBC ƿ  强?!   ƴ 1    λ ˹ ӿũ ep.12,ũ ǵ ׸ ǵ ̳ןD     
598,JTBC ƿ  强?!   ƴ 1    λ ˹ ӿũ ep.12,߱  ھ  
599,JTBC ƿ  强?!   ƴ 1    λ ˹ ӿũ ep.12,8:59  Դ  Ҹ  jtbc غڽϴ.   
600,JTBC ƿ  强?!   ƴ 1    λ ˹ ӿũ ep.12, !!! ̿   .    ִٰ źߴµ 强Կ.
601,JTBC ƿ  强?!   ƴ 1    λ ˹ ӿũ ep.12, ҳ   ݱ                
602,JTBC ƿ  强?!   ƴ 1    λ ˹ ӿũ ep.12,03:22 ̸
603,JTBC ƿ  强?!   ƴ 1    λ ˹ ӿũ ep.12,Ի      ׷  Ҷ  ι ҴV  
604,JTBC ƿ  强?!   ƴ 1    λ ˹ ӿũ ep.12,󰰴     
605,JTBC ƿ  强?!   ƴ 1    λ ˹ ӿũ ep.12, 强   ¥ ϳ
606,JTBC ƿ  强?!   ƴ 1    λ ˹ ӿũ ep.12,ٵ ô!!!
607,JTBC ƿ  强?!   ƴ 1    λ ˹ ӿũ ep.12, ó ôµ   𸣰ھ.      
608,JTBC ƿ  强?!   ƴ 1    λ ˹ ӿũ ep.12,6:07   ſ?          强 
609,JTBC ƿ  强?!   ƴ 1    λ ˹ ӿũ ep.12,ũ...!:)
610,JTBC ƿ  强?!   ƴ 1    λ ˹ ӿũ ep.12,6:42 ׸ PD  ƴϽŰ...?
611,JTBC ƿ  强?!   ƴ 1    λ ˹ ӿũ ep.12,       Ѵ  ũ ˾ѳ  250̾ ̳
612,JTBC ƿ  强?!   ƴ 1    λ ˹ ӿũ ep.12,󰰴                       
613,JTBC ƿ  强?!   ƴ 1    λ ˹ ӿũ ep.12,强   ƺ ΰϽôµ ΰ 뺴 ѹ ֽø ȵǿ??  ΰ ˹ٴ  ϴ 𸣽ôºе Ƽ ˷ָ  ƿ
614,JTBC ƿ  强?!   ƴ 1    λ ˹ ӿũ ep.12,ͽ  ̰               
615,JTBC ƿ  强?!   ƴ 1    λ ˹ ӿũ ep.12,             ġڳ   
616,JTBC ƿ  强?!   ƴ 1    λ ˹ ӿũ ep.12,"ũ̸ :
         "
617,JTBC ƿ  强?!   ƴ 1    λ ˹ ӿũ ep.12,¥          ʹ    
618,JTBC ƿ  强?!   ƴ 1    λ ˹ ӿũ ep.12,"Ǯ ˹ٶϰ 强԰ ڵƼ  ٷ Ǯ  Ծ ߳
0:40"
619,JTBC ƿ  强?!   ƴ 1    λ ˹ ӿũ ep.12, ϳ  ٷ  ھҽϴ..!!  ̰ ~~!
620,JTBC ƿ  强?!   ƴ 1    λ ˹ ӿũ ep.12,. . . .     
621,JTBC ƿ  强?!   ƴ 1    λ ˹ ӿũ ep.12,"ֿ ƹ̵鳢 Ƽ ϴ° ּ        
Mc  "
622,JTBC ƿ  强?!   ƴ 1    λ ˹ ӿũ ep.12,jtbc          
623,JTBC ƿ  强?!   ƴ 1    λ ˹ ӿũ ep.12,ҳ  ݰܿ ƿ    
624,JTBC ƿ  强?!   ƴ 1    λ ˹ ӿũ ep.12,ҳ ٹݱ                
625,JTBC ƿ  强?!   ƴ 1    λ ˹ ӿũ ep.12, ڴ!!!
626,JTBC ƿ  强?!   ƴ 1    λ ˹ ӿũ ep.12,̰ź  ûߴµ      ǰ  پ˾Ҵµ ǿܷ    
627,JTBC ƿ  强?!   ƴ 1    λ ˹ ӿũ ep.12,3:42  ̺..
628,JTBC ƿ  强?!   ƴ 1    λ ˹ ӿũ ep.12,ϰ ٰ  ҳ  ݰܿ       
629,JTBC ƿ  强?!   ƴ 1    λ ˹ ӿũ ep.12,1:36 ~?   ° ? ׸ 强Դ  Ϸ翡 ϳ ̻ ȵ   ؿ(?)  
630,JTBC ƿ  强?!   ƴ 1    λ ˹ ӿũ ep.12,     
631,JTBC ƿ  强?!   ƴ 1    λ ˹ ӿũ ep.12,ƾ               
632,JTBC ƿ  强?!   ƴ 1    λ ˹ ӿũ ep.12,໡Ҵٴ ä ִٰ ҹ Դµ    
633,JTBC ƿ  强?!   ƴ 1    λ ˹ ӿũ ep.12,󰰴            
634,JTBC ƿ  强?!   ƴ 1    λ ˹ ӿũ ep.12,ٵ  JTBC ǹ ֳ׿?? ͽǵ ׷
635,JTBC ƿ  强?!   ƴ 1    λ ˹ ӿũ ep.12,       1 þ.. 300 ھ̾.. jtbc ߳Ծ..
636,JTBC ƿ  强?!   ƴ 1    λ ˹ ӿũ ep.12,???: p~
637,JTBC ƿ  强?!   ƴ 1    λ ˹ ӿũ ep.12, Ǯ ƴϳ    
638,JTBC ƿ  强?!   ƴ 1    λ ˹ ӿũ ep.12,ũ 200 ½  ѱ⸦!!!!  
639,JTBC ƿ  强?!   ƴ 1    λ ˹ ӿũ ep.12,޴    ƾ
640,JTBC ƿ  强?!   ƴ 1    λ ˹ ӿũ ep.12,6:45  ⸸  װ̾˰ʹپ˰ھ   ťťť        ť  ť    
641,JTBC ƿ  强?!   ƴ 1    λ ˹ ӿũ ep.12,ȣ ּ!!
642,JTBC ƿ  强?!   ƴ 1    λ ˹ ӿũ ep.12,ƆE        װھ      ƴѰţ             ʹ ġ
643,JTBC ƿ  强?!   ƴ 1    λ ˹ ӿũ ep.12,󰰴             ׿
644,JTBC ƿ  强?!   ƴ 1    λ ˹ ӿũ ep.12,    
645,JTBC ƿ  强?!   ƴ 1    λ ˹ ӿũ ep.12,I'm so glad you started a YouTube channel!!! This video was hilarious!!! I will continue to watch all of your videos even if they' re not subtitled lol. Fighting Jang Sung Kyu!!!!!!!
646,JTBC ƿ  强?!   ƴ 1    λ ˹ ӿũ ep.12,󰰴    
647,JTBC ƿ  强?!   ƴ 1    λ ˹ ӿũ ep.12, ƿ
648,JTBC ƿ  强?!   ƴ 1    λ ˹ ӿũ ep.12,»     
649,JTBC ƿ  强?!   ƴ 1    λ ˹ ӿũ ep.12,200    
650,JTBC ƿ  强?!   ƴ 1    λ ˹ ӿũ ep.12,               6:06  ڱⰡ  ſو       
651,JTBC ƿ  强?!   ƴ 1    λ ˹ ӿũ ep.12,6:40 ׸ pd  
652,JTBC ƿ  强?!   ƴ 1    λ ˹ ӿũ ep.12, 强 ݶ󺸸    ٴ  
653,JTBC ƿ  强?!   ƴ 1    λ ˹ ӿũ ep.12,08:55 JTCB...... ????????
654,JTBC ƿ  强?!   ƴ 1    λ ˹ ӿũ ep.12,     ſ      
655,JTBC ƿ  强?!   ƴ 1    λ ˹ ӿũ ep.12,强 ¥ ʹ             ó̶             ð    ۸            ε   ּ 强Դ.
656,JTBC ƿ  强?!   ƴ 1    λ ˹ ӿũ ep.12, 强Զ jtbc...
657,JTBC ƿ  强?!   ƴ 1    λ ˹ ӿũ ep.12,赿ԸҸ¾~~ 
658,JTBC ƿ  强?!   ƴ 1    λ ˹ ӿũ ep.12,ͽǵ ȸ??                
659,JTBC ƿ  强?!   ƴ 1    λ ˹ ӿũ ep.12,6:40 ̰  ׸ ǵƴ??
660,JTBC ƿ  强?!   ƴ 1    λ ˹ ӿũ ep.12,强  Ȩ׶ ϱ ٳ                   
661,JTBC ƿ  强?!   ƴ 1    λ ˹ ӿũ ep.12,5:11  ȳȳ
662,JTBC ƿ  强?!   ƴ 1    λ ˹ ӿũ ep.12,ȭǰ  ˹ٿ    
663,JTBC ƿ  强?!   ƴ 1    λ ˹ ӿũ ep.12,6:39 ׸  ƴϽŰ??
664,JTBC ƿ  强?!   ƴ 1    λ ˹ ӿũ ep.12,Ժ  ~~~
665,JTBC ƿ  强?!   ƴ 1    λ ˹ ӿũ ep.12,5:37   ͽ              ¥ Ƴā      
666,JTBC ƿ  强?!   ƴ 1    λ ˹ ӿũ ep.12, ҳ  
667,JTBC ƿ  强?!   ƴ 1    λ ˹ ӿũ ep.12,ȭ cf   Կ õ  ϸ սϴ  α⵵   ģȭµ      ջ Ű׿   
668,JTBC ƿ  强?!   ƴ 1    λ ˹ ӿũ ep.12,ϴ  ̶H
669,JTBC ƿ  强?!   ƴ 1    λ ˹ ӿũ ep.12,5:53    α׷  ϴ   ??? ƽôº  Ź!
670,JTBC ƿ  强?!   ƴ 1    λ ˹ ӿũ ep.12, ũ ¸ ϴ
671,JTBC ƿ  强?!   ƴ 1    λ ˹ ӿũ ep.12,Ի Ĺ ƾ  
672,JTBC ƿ  强?!   ƴ 1    λ ˹ ӿũ ep.12,"   
̿   ֳ ߴµ 强 ǰ̿"
673,JTBC ƿ  强?!   ƴ 1    λ ˹ ӿũ ep.12,ʹ ܼ ġھ ϽƮ ƽƮ Ʈ ũ  ʹ ƿ 强 ض!!!!!!!!
674,JTBC ƿ  强?!   ƴ 1    λ ˹ ӿũ ep.12,󰰴                ¥  
675,JTBC ƿ  强?!   ƴ 1    λ ˹ ӿũ ep.12,强 ʹ  ׸ ƴѵ ̷ ܵ ǳİ   
676,JTBC ƿ  强?!   ƴ 1    λ ˹ ӿũ ep.12, ҳ     
677,JTBC ƿ  强?!   ƴ 1    λ ˹ ӿũ ep.12, վ^^
678,JTBC ƿ  强?!   ƴ 1    λ ˹ ӿũ ep.12,! ڸ Ȱ  ߾. ߴ  
679,JTBC ƿ  强?!   ƴ 1    λ ˹ ӿũ ep.12,ٵ!!
680,JTBC ƿ  强?!   ƴ 1    λ ˹ ӿũ ep.12," Ʃ ڰ      
ۿ     "
681,JTBC ƿ  强?!   ƴ 1    λ ˹ ӿũ ep.12,6:41 PD...? ׸...?
682,JTBC ƿ  强?!   ƴ 1    λ ˹ ӿũ ep.12,~ 
683,JTBC ƿ  强?!   ƴ 1    λ ˹ ӿũ ep.12,ø꿵 Ϳ ּ   
684,JTBC ƿ  强?!   ƴ 1    λ ˹ ӿũ ep.12,  꼼  
685,JTBC ƿ  强?!   ƴ 1    λ ˹ ӿũ ep.12,  ġ mc ϴ° մϴ!       带 
686,JTBC ƿ  强?!   ƴ 1    λ ˹ ӿũ ep.12, (?)׿...ؿ   
687,JTBC ƿ  强?!   ƴ 1    λ ˹ ӿũ ep.12, Ⱦٶ                   
688,JTBC ƿ  强?!   ƴ 1    λ ˹ ӿũ ep.12,... ϳù ѵϴٴ~
689,JTBC ƿ  强?!   ƴ 1    λ ˹ ӿũ ep.12,Ծ絵    .
690,JTBC ƿ  强?!   ƴ 1    λ ˹ ӿũ ep.12,0:20 ͵                          
691,JTBC ƿ  强?!   ƴ 1    λ ˹ ӿũ ep.12,"8:54 ʿ ָӴϲ ۱̸ ߸ ϽŰ  ƹ ޾?
վµ"
692,JTBC ƿ  强?!   ƴ 1    λ ˹ ӿũ ep.12,5:44 ׷  ũ ͽ ڸȸ ?
693,JTBC ƿ  强?!   ƴ 1    λ ˹ ӿũ ep.12,ä     Ȱ°Ű
694,JTBC ƿ  强?!   ƴ 1    λ ˹ ӿũ ep.12, ߱ ñ 
695,JTBC ƿ  强?!   ƴ 1    λ ˹ ӿũ ep.12,7:56 Ҷ ϴϱ                               
696,JTBC ƿ  强?!   ƴ 1    λ ˹ ӿũ ep.12,밡          
697,JTBC ƿ  强?!   ƴ 1    λ ˹ ӿũ ep.12,6:40 뿡 ׸ǿ ֳ ƴ?
698,JTBC ƿ  强?!   ƴ 1    λ ˹ ӿũ ep.12,强Դ  α ׿ б  þ 
699,JTBC ƿ  强?!   ƴ 1    λ ˹ ӿũ ep.12,~5źM4~~
700,JTBC ƿ  强?!   ƴ 1    λ ˹ ӿũ ep.12,JTBC 䱸Ʈ īƮ  .. 强 ȭ̶
701,JTBC ƿ  强?!   ƴ 1    λ ˹ ӿũ ep.12,ҵ     
702,JTBC ƿ  强?!   ƴ 1    λ ˹ ӿũ ep.12, 󳪿¥
703,JTBC ƿ  强?!   ƴ 1    λ ˹ ӿũ ep.12,10             
704,JTBC ƿ  强?!   ƴ 1    λ ˹ ӿũ ep.12,Ƴ   ũũ
705,JTBC ƿ  强?!   ƴ 1    λ ˹ ӿũ ep.12,3:11    ̿? ƴº ˷     
706,JTBC ƿ  强?!   ƴ 1    λ ˹ ӿũ ep.12,强Դ  ̱    
707,JTBC ƿ  强?!   ƴ 1    λ ˹ ӿũ ep.12,ĸٰԶ ˹ٿ~!!   ̿~
708,JTBC ƿ  强?!   ƴ 1    λ ˹ ӿũ ep.12,3:10   ä  Ⱦϴ  ּ     ñѵ... 
709,JTBC ƿ  强?!   ƴ 1    λ ˹ ӿũ ep.12,?       
710,JTBC ƿ  强?!   ƴ 1    λ ˹ ӿũ ep.12,ûҾü   ģ ûҾüϴµ ȭǿ 쳪Ϳ...
711,JTBC ƿ  强?!   ƴ 1    λ ˹ ӿũ ep.12,»  
712,JTBC ƿ  强?!   ƴ 1    λ ˹ ӿũ ep.12,      ī޶    ..  ׸  fd   ƴѰ?        
713,JTBC ƿ  强?!   ƴ 1    λ ˹ ӿũ ep.12,Ե ˹ٿ     
714,JTBC ƿ  强?!   ƴ 1    λ ˹ ӿũ ep.12,强Դ ̹ ȣ ˹ٸ ϰ ôٸ    ԰ ּ
715,JTBC ƿ  强?!   ƴ 1    λ ˹ ӿũ ep.12,ȶ Ѱ       ׾̳İ
716,JTBC ƿ  强?!   ƴ 1    λ ˹ ӿũ ep.12," 
JTBC  ҳ  ݱ"
717,JTBC ƿ  强?!   ƴ 1    λ ˹ ӿũ ep.12,200 !!!!!
718,JTBC ƿ  强?!   ƴ 1    λ ˹ ӿũ ep.12, ܿ~  Ǯ ǰϽð ڳ   
719,JTBC ƿ  强?!   ƴ 1    λ ˹ ӿũ ep.12,  强԰  ڸ̿?      ġ
720,JTBC ƿ  强?!   ƴ 1    λ ˹ ӿũ ep.12,Ƶ ּ!!!
721,JTBC ƿ  强?!   ƴ 1    λ ˹ ӿũ ep.12,                   ƴ  Ʃ ڸŰ 19
722,JTBC ƿ  强?!   ƴ 1    λ ˹ ӿũ ep.12,ȣڸ ѹ ּ ھ!!!
723,JTBC ƿ  强?!   ƴ 1    λ ˹ ӿũ ep.12,ҳ  ݰ       
724,JTBC ƿ  强?!   ƴ 1    λ ˹ ӿũ ep.12,Ʈ˹ õص帱Կ^^
725,JTBC ƿ  强?!   ƴ 1    λ ˹ ӿũ ep.12,̰ 强Դ ۹   
726,JTBC ƿ  强?!   ƴ 1    λ ˹ ӿũ ep.12,ҳ ~~ݰ!
727,JTBC ƿ  强?!   ƴ 1    λ ˹ ӿũ ep.12,1:59  ¥ Գ          ģ               κи 30°  ̶ž Ѹ   
728,JTBC ƿ  强?!   ƴ 1    λ ˹ ӿũ ep.12,.. μ ˹ ؽ HH  
729,JTBC ƿ  强?!   ƴ 1    λ ˹ ӿũ ep.12, ҳ  ݰ      ׷            ƹ    
730,JTBC ƿ  强?!   ƴ 1    λ ˹ ӿũ ep.12,̹~
731,JTBC ƿ  强?!   ƴ 1    λ ˹ ӿũ ep.12,6:41  ׸ fd..?
732,JTBC ƿ  强?!   ƴ 1    λ ˹ ӿũ ep.12," ũ
ũ  â ҵ
   "
733,JTBC ƿ  强?!   ƴ 1    λ ˹ ӿũ ep.12,»             
734,JTBC ƿ  强?!   ƴ 1    λ ˹ ӿũ ep.12,强Դ ִ  ׻   ֽϴ.  ϵ鵵 ְ Ǯð  󸶳 پ  ְ  ġ ּ ϴ    ־  ϰ   ֽϴ.   ּż մϴ.
735,JTBC ƿ  强?!   ƴ 1    λ ˹ ӿũ ep.12, ͽ ũ ģ ̳ 
736,JTBC ƿ  强?!   ƴ 1    λ ˹ ӿũ ep.12,6:45  ī޶  Ͻô ũ ǵ 赿ΰ ǵ ƴ?? ׸Ƕ ϵĳ Ͻź!!??
737,JTBC ƿ  强?!   ƴ 1    λ ˹ ӿũ ep.12,     ʹ          Ͼ~                Ų                           ҳ      ɳɳɳ                 
738,JTBC ƿ  强?!   ƴ 1    λ ˹ ӿũ ep.12,Ŀ ν 忡 Ŀ ν.   湮ּ
739,JTBC ƿ  强?!   ƴ 1    λ ˹ ӿũ ep.12,  ٸ Ʃ!!!!!!!!   ϰ ׿~~~~~~~
740,JTBC ƿ  强?!   ƴ 1    λ ˹ ӿũ ep.12,6:41 ׸ pd ƴѰ?
741,JTBC ƿ  强?!   ƴ 1    λ ˹ ӿũ ep.12," Դ. 
~~~"
742,JTBC ƿ  强?!   ƴ 1    λ ˹ ӿũ ep.12,强=»?  
743,JTBC ƿ  强?!   ƴ 1    λ ˹ ӿũ ep.12,Ƿηδϼ˳׿   
744,JTBC ƿ  强?!   ƴ 1    λ ˹ ӿũ ep.12,޴ Ǹſ!!!
745,JTBC ƿ  强?!   ƴ 1    λ ˹ ӿũ ep.12,Ű
746,JTBC ƿ  强?!   ƴ 1    λ ˹ ӿũ ep.12,6:40 뿡  pd   ׸ pd??ƴѰ??
747,JTBC ƿ  强?!   ƴ 1    λ ˹ ӿũ ep.12,Ƿȸ縷! ¥
748,JTBC ƿ  强?!   ƴ 1    λ ˹ ӿũ ep.12,"ָӴ °...
ҳ.."
749,JTBC ƿ  强?!   ƴ 1    λ ˹ ӿũ ep.12,3:09  °?
750,JTBC ƿ  强?!   ƴ 1    λ ˹ ӿũ ep.12,Ƴ ĳõ Ѱž   ?
751,JTBC ƿ  强?!   ƴ 1    λ ˹ ӿũ ep.12,"¥  ,   Ʋ 强   "
752,JTBC ƿ  强?!   ƴ 1    λ ˹ ӿũ ep.12,  ׸  ǵ ׿. Ժϼ̱ ϵ帳ϴ
753,JTBC ƿ  强?!   ƴ 1    λ ˹ ӿũ ep.12,󰰴   
754,JTBC ƿ  强?!   ƴ 1    λ ˹ ӿũ ep.12,6:40  ׸ ǵ ƴϿ?
755,JTBC ƿ  强?!   ƴ 1    λ ˹ ӿũ ep.12,ҳݰ                
756,JTBC ƿ  强?!   ƴ 1    λ ˹ ӿũ ep.12,6:40 ׸ FD ...?
757,JTBC ƿ  强?!   ƴ 1    λ ˹ ӿũ ep.12,īƮ Ÿ 䱸Ʈ Ǹ!!
758,JTBC ƿ  强?!   ƴ 1    λ ˹ ӿũ ep.12,ϱⰣ ü
759,JTBC ƿ  强?!   ƴ 1    λ ˹ ӿũ ep.12,强  Ƽ 귣 ñؿ
760,JTBC ƿ  强?!   ƴ 1    λ ˹ ӿũ ep.12, ӽ ũΰ!
761,JTBC ƿ  强?!   ƴ 1    λ ˹ ӿũ ep.12,1:52   츮        °  ô        
762,JTBC ƿ  强?!   ƴ 1    λ ˹ ӿũ ep.12, õ Ƿ ݳ ɰͰƿ    
763,JTBC ƿ  强?!   ƴ 1    λ ˹ ӿũ ep.12,jtbc ҳ  ݱ       
764,JTBC ƿ  强?!   ƴ 1    λ ˹ ӿũ ep.12,ٵ ô
765,JTBC ƿ  强?!   ƴ 1    λ ˹ ӿũ ep.12, 󿡼 ...
766,JTBC ƿ  强?!   ƴ 1    λ ˹ ӿũ ep.12, 6:10  ̿ǿ󿡼 ڸ ź ϰ ¥ ð ߰ ô κε ε           ٵ ̿.?
767,JTBC ƿ  强?!   ƴ 1    λ ˹ ӿũ ep.12,"ҳ ̾߱ϴ ָӴϳ

ǥ   "
768,JTBC ƿ  强?!   ƴ 1    λ ˹ ӿũ ep.12,6:41  ׸ FD?ΰ Ͻ  ƴ ?
769,JTBC ƿ  强?!   ƴ 1    λ ˹ ӿũ ep.12,  
770,JTBC ƿ  强?!   ƴ 1    λ ˹ ӿũ ep.12,  츮б ó
771,JTBC ƿ  强?!   ƴ 1    λ ˹ ӿũ ep.12,ʵб 1г ϴ!!
772,JTBC ƿ  强?!   ƴ 1    λ ˹ ӿũ ep.12, ų ʹ 
773,JTBC ƿ  强?!   ƴ 1    λ ˹ ӿũ ep.12,"强 ߾.. 
¾  ȳ"
774,JTBC ƿ  强?!   ƴ 1    λ ˹ ӿũ ep.12, Ű ?             
775,JTBC ƿ  强?!   ƴ 1    λ ˹ ӿũ ep.12,׳ ˹ּ~ ȳȳ ƴ԰    ;~
776,JTBC ƿ  强?!   ƴ 1    λ ˹ ӿũ ep.12,"и  ӹ ְ Ȯ Ϸ簡 ִµ, ٺ 强 ǽ 帧  ذ                 "
777,JTBC ƿ  强?!   ƴ 1    λ ˹ ӿũ ep.12, ü 
778,JTBC ƿ  强?!   ƴ 1    λ ˹ ӿũ ep.12,󰰴~~~~~~~~~
779,JTBC ƿ  强?!   ƴ 1    λ ˹ ӿũ ep.12,     ʿ  ̶ ó ˶     
780,JTBC ƿ  强?!   ƴ 1    λ ˹ ӿũ ep.12,¾ƿ ͽ  ϰ ϰ ũ 󶰼 ͼ  ̿! ֳĸԿ̴ϱ!!! ݶ󺸽
781,JTBC ƿ  强?!   ƴ 1    λ ˹ ӿũ ep.12,ø꿵 ּ!!
782,JTBC ƿ  强?!   ƴ 1    λ ˹ ӿũ ep.12,ٵͽ ũ ϴ  ں ⿬ּ ͽ    ڴ
783,JTBC ƿ  强?!   ƴ 1    λ ˹ ӿũ ep.12,"Ӹ ?    
   "
784,JTBC ƿ  强?!   ƴ 1    λ ˹ ӿũ ep.12,2:02   ..
785,JTBC ƿ  强?!   ƴ 1    λ ˹ ӿũ ep.12,Ծ   
786,JTBC ƿ  强?!   ƴ 1    λ ˹ ӿũ ep.12, ù  ּ~
787,JTBC ƿ  强?!   ƴ 1    λ ˹ ӿũ ep.12, ȵ..
788,JTBC ƿ  强?!   ƴ 1    λ ˹ ӿũ ep.12, Ű ũ ¯Դϴ!!!!
789,JTBC ƿ  强?!   ƴ 1    λ ˹ ӿũ ep.12,"5:11 
 ٿٿ ٰ ⼭ վ "
790,JTBC ƿ  强?!   ƴ 1    λ ˹ ӿũ ep.12,10   
791,JTBC ƿ  强?!   ƴ 1    λ ˹ ӿũ ep.12,强Դ  Ϸ ξϽ Ҹϰ  ° ̳׿~ lulu lala~ 
792,JTBC ƿ  强?!   ƴ 1    λ ˹ ӿũ ep.12,"Ǯ   ̳ ߴ
Ѹ丮 Ӵ "
793,JTBC ƿ  强?!   ƴ 1    λ ˹ ӿũ ep.12,ħ Ϸּ~~ ŸߵǴ° ƿ~~
794,JTBC ƿ  强?!   ƴ 1    λ ˹ ӿũ ep.12, ũ µ 强  Ծ
795,JTBC ƿ  强?!   ƴ 1    λ ˹ ӿũ ep.12,߼  Ʈ ˹ ּ
796,JTBC ƿ  强?!   ƴ 1    λ ˹ ӿũ ep.12,强 Ƴ mbc Ի ߴµ    ڴ!!
797,JTBC ƿ  强?!   ƴ 1    λ ˹ ӿũ ep.12, 强 ǥ 
798,JTBC ƿ  强?!   ƴ 1    λ ˹ ӿũ ep.12,5:23 ͽ   (hoxy?) ̰  ׿      ڴ ˰    
799,JTBC ƿ  强?!   ƴ 1    λ ˹ ӿũ ep.12,Ʈ ˹ּ!!! Ǯδٰ!!
800,JTBC ƿ  强?!   ƴ 1    λ ˹ ӿũ ep.12,"Ҹ 
01:44"
801,JTBC ƿ  强?!   ƴ 1    λ ˹ ӿũ ep.12,̰  Ǯ ֽ   
802,JTBC ƿ  强?!   ƴ 1    λ ˹ ӿũ ep.12,"ãư ãư°͵  Ϳ,,,"
803,JTBC ƿ  强?!   ƴ 1    λ ˹ ӿũ ep.12,3:13   ¥ ໡Ҵ             ߸Ѱ µ   
804,JTBC ƿ  强?!   ƴ 1    λ ˹ ӿũ ep.12,ͽǰ ũ  ̰ ܿ 4...
805,JTBC ƿ  强?!   ƴ 1    λ ˹ ӿũ ep.12,ε  ..  ӴԲ ҿ   Ÿô° иѵ.. 
806,JTBC ƿ  强?!   ƴ 1    λ ˹ ӿũ ep.12,󰰴                                                                                                                                                              
807,JTBC ƿ  强?!   ƴ 1    λ ˹ ӿũ ep.12,5:22  ֽſ?
808,JTBC ƿ  强?!   ƴ 1    λ ˹ ӿũ ep.12,6:41   ׸ Ͼ ƴϿ???
809,JTBC ƿ  强?!   ƴ 1    λ ˹ ӿũ ep.12,强   ο??
810,JTBC ƿ  强?!   ƴ 1    λ ˹ ӿũ ep.12,  ּ !!
811,JTBC ƿ  强?!   ƴ 1    λ ˹ ӿũ ep.12, ҳ ٹݰ!!^^
812,JTBC ƿ  强?!   ƴ 1    λ ˹ ӿũ ep.12,츮Ŀ  Ÿ     
813,JTBC ƿ  强?!   ƴ 1    λ ˹ ӿũ ep.12,6:07  ̰ ̶̿ նΰ ޳      
814,JTBC ƿ  强?!   ƴ 1    λ ˹ ӿũ ep.12,ù˹ 63 â۱˹ ƮƮĥ˹ ġ˹
815,JTBC ƿ  强?!   ƴ 1    λ ˹ ӿũ ep.12,200 ̴
816,JTBC ƿ  强?!   ƴ 1    λ ˹ ӿũ ep.12," ̷   
Ű ճ׿.
 ҳ  ݱٴ    "
817,JTBC ƿ  强?!   ƴ 1    λ ˹ ӿũ ep.12,05:08  ٹĿ ۾  . Ұ! ̻Դϴ.
818,JTBC ƿ  强?!   ƴ 1    λ ˹ ӿũ ep.12,6:47 ƴ Ҹ        Ҹ ƿ         
819,JTBC ƿ  强?!   ƴ 1    λ ˹ ӿũ ep.12,嵵    
820,JTBC ƿ  强?!   ƴ 1    λ ˹ ӿũ ep.12,   ΰ ƽôº  
821,JTBC ƿ  强?!   ƴ 1    λ ˹ ӿũ ep.12,          °ź~~
822,JTBC ƿ  强?!   ƴ 1    λ ˹ ӿũ ep.12,ݿ    
823,JTBC ƿ  强?!   ƴ 1    λ ˹ ӿũ ep.12,8:55 Ƽ                  
824,JTBC ƿ  强?!   ƴ 1    λ ˹ ӿũ ep.12,   
825,JTBC ƿ  强?!   ƴ 1    λ ˹ ӿũ ep.12, ̳   
826,JTBC ƿ  强?!   ƴ 1    λ ˹ ӿũ ep.12,ü̿!!!!!!
827,JTBC ƿ  强?!   ƴ 1    λ ˹ ӿũ ep.12,"츮ȸ ڵ ǰ 2 ġ ֹ θ ʹ.
θ̾Ÿ"
828,JTBC ƿ  强?!   ƴ 1    λ ˹ ӿũ ep.12, Ӵϵ Ѱϼ̴~~   
829,JTBC ƿ  强?!   ƴ 1    λ ˹ ӿũ ep.12, 
830,JTBC ƿ  强?!   ƴ 1    λ ˹ ӿũ ep.12, ũ ͽǺ     ũ 300 !!!!@@
831,JTBC ƿ  强?!   ƴ 1    λ ˹ ӿũ ep.12,»      
832,JTBC ƿ  强?!   ƴ 1    λ ˹ ӿũ ep.12, 
833,JTBC ƿ  强?!   ƴ 1    λ ˹ ӿũ ep.12,پ˾Ҵ ˹ٵ 츮 ¥      
834,JTBC ƿ  强?!   ƴ 1    λ ˹ ӿũ ep.12,   ϰ      ϼ.    ''    
835,JTBC ƿ  强?!   ƴ 1    λ ˹ ӿũ ep.12,     ޽ѳ Ÿϴ° ϴ   췡 -_-;;
836,JTBC ƿ  强?!   ƴ 1    λ ˹ ӿũ ep.12,强 ¯~!!!!!!!!!!!!!!!!!!!!!!!!!!!!!!!!!!!
837,JTBC ƿ  强?!   ƴ 1    λ ˹ ӿũ ep.12,ǰ   
838,JTBC ƿ  强?!   ƴ 1    λ ˹ ӿũ ep.12,    ġڴ ¥        ̷ ɰ ġô        վ  ƿ      
839,JTBC ƿ  强?!   ƴ 1    λ ˹ ӿũ ep.12,ε ̾߱ JTBC 强԰ 濵
840,JTBC ƿ  强?!   ƴ 1    λ ˹ ӿũ ep.12,׷  Ǵ°ǰ
841,JTBC ƿ  强?!   ƴ 1    λ ˹ ӿũ ep.12, .. ̵ ǳ
842,JTBC ƿ  强?!   ƴ 1    λ ˹ ӿũ ep.12, ˶!!!!!^^
843,JTBC ƿ  强?!   ƴ 1    λ ˹ ӿũ ep.12, ռ ǥ  ¥ վŰV     
844,JTBC ƿ  强?!   ƴ 1    λ ˹ ӿũ ep.12,强 Ƽ  ־?? ñմϴ!!
845,JTBC ƿ  强?!   ƴ 1    λ ˹ ӿũ ep.12,ũ      1ġ  .
846,JTBC ƿ  强?!   ƴ 1    λ ˹ ӿũ ep.12,ãưũũ
847,JTBC ƿ  强?!   ƴ 1    λ ˹ ӿũ ep.12,强 
848,JTBC ƿ  强?!   ƴ 1    λ ˹ ӿũ ep.12,Ÿ  38 Ѵ 
849,JTBC ƿ  强?!   ƴ 1    λ ˹ ӿũ ep.12, 峭 ڳʿ ̹  ˹ ּ...!!!!
850,JTBC ƿ  强?!   ƴ 1    λ ˹ ӿũ ep.12,ȫ  MC ּ!  ñ ũ  ְ 帱Կ.  ̸ JTBC Ի ص ˴ϴ!  ڵǼ
851,JTBC ƿ  强?!   ƴ 1    λ ˹ ӿũ ep.12,ġ  ˹ ش޶ 
852,JTBC ƿ  强?!   ƴ 1    λ ˹ ӿũ ep.12,Ḹ ͽ̸  غ ܰ(MCH) 򳪰 Կ  ?
853,JTBC ƿ  强?!   ƴ 1    λ ˹ ӿũ ep.12,6:40 뿡 ׸ǿ   ƴϽŰ       
854,JTBC ƿ  强?!   ƴ 1    λ ˹ ӿũ ep.12,󰰴!
855,JTBC ƿ  强?!   ƴ 1    λ ˹ ӿũ ep.12,Ʈ ܸ ..
856,JTBC ƿ  强?!   ƴ 1    λ ˹ ӿũ ep.12,ջ Ʈó
857,JTBC ƿ  强?!   ƴ 1    λ ˹ ӿũ ep.12,׸ǿ  ǵ ⿡ֳ
858,JTBC ƿ  强?!   ƴ 1    λ ˹ ӿũ ep.12,μ ĳ ˹ٿ!!!!!
859,JTBC ƿ  强?!   ƴ 1    λ ˹ ӿũ ep.12,
860,JTBC ƿ  强?!   ƴ 1    λ ˹ ӿũ ep.12,źҳ ƹ  
861,JTBC ƿ  强?!   ƴ 1    λ ˹ ӿũ ep.12,强  ֽΟm?
862,JTBC ƿ  强?!   ƴ 1    λ ˹ ӿũ ep.12,ũ  ͽ ݶ󺸷   ⿬ϴ°Ŷ    ͽ   ũ  ٲ㼭 üص Űƿ         !!!
863,JTBC ƿ  强?!   ƴ 1    λ ˹ ӿũ ep.12,6:41 ô PD  ׸ǿ ̴ֳ FD? Ҿ.....
864,JTBC ƿ  强?!   ƴ 1    λ ˹ ӿũ ep.12,Ʈ˹!!
865,JTBC ƿ  强?!   ƴ 1    λ ˹ ӿũ ep.12,ǵ  óôµ ׸ǿ ô 赿 ǵ ƴϽŰ
866,JTBC ƿ  强?!   ƴ 1    λ ˹ ӿũ ep.12,߿ JTBC ϰ ϰ   ݰִ ñϱ ϴ.    
867,JTBC ƿ  强?!   ƴ 1    λ ˹ ӿũ ep.12,¥  ظ ɺ մ ڸ̶  ð;;; 100         强 ȭ
868,JTBC ƿ  强?!   ƴ 1    λ ˹ ӿũ ep.12,ʹ־.ְּ.!!!ְ!!!
869,JTBC ƿ  强?!   ƴ 1    λ ˹ ӿũ ep.12,157
870,JTBC ƿ  强?!   ƴ 1    λ ˹ ӿũ ep.12,Ե   α׷ ?
871,JTBC ƿ  强?!   ƴ 1    λ ˹ ӿũ ep.12,󼱹 ʹմ
872,JTBC ƿ  强?!   ƴ 1    λ ˹ ӿũ ep.12,"...     ˹ٵ ϴ°ž    
    Ҳ  "
873,JTBC ƿ  强?!   ƴ 1    λ ˹ ӿũ ep.12,÷պ  û
874,JTBC ƿ  强?!   ƴ 1    λ ˹ ӿũ ep.12, 强 ä ȵ?
875,JTBC ƿ  强?!   ƴ 1    λ ˹ ӿũ ep.12,󰰴   
876,JTBC ƿ  强?!   ƴ 1    λ ˹ ӿũ ep.12,63 â۱ ˹
877,JTBC ƿ  强?!   ƴ 1    λ ˹ ӿũ ep.12, Ժ ϴ°                      
878,JTBC ƿ  强?!   ƴ 1    λ ˹ ӿũ ep.12, ǵ  ׸ǿ ô ƴϽŰ? 6:40
879,JTBC ƿ  强?!   ƴ 1    λ ˹ ӿũ ep.12,强Ծ jtbc  ־??
880,JTBC ƿ  强?!   ƴ 1    λ ˹ ӿũ ep.12,0:20           ϰ ͠
881,JTBC ƿ  强?!   ƴ 1    λ ˹ ӿũ ep.12,5:12
882,JTBC ƿ  强?!   ƴ 1    λ ˹ ӿũ ep.12, ǲ    
883,JTBC ƿ  强?!   ƴ 1    λ ˹ ӿũ ep.12,󰰴                                    
884,JTBC ƿ  强?!   ƴ 1    λ ˹ ӿũ ep.12,"730Ͽ 忡 Կϴ° þµ!!
û  ̼̾D  
Ű ũð 󱼵..   "
885,JTBC ƿ  强?!   ƴ 1    λ ˹ ӿũ ep.12,ȫ  MC ּ!
886,JTBC ƿ  强?!   ƴ 1    λ ˹ ӿũ ep.12,Ժ ̳׿ 뿡 뷡Ͻô ̾µ
887,JTBC ƿ  强?!   ƴ 1    λ ˹ ӿũ ep.12,轺Ų !!!!!!!!!!!
888,JTBC ƿ  强?!   ƴ 1    λ ˹ ӿũ ep.12,ϳ Ű ̵ ּ....
889,JTBC ƿ  强?!   ƴ 1    λ ˹ ӿũ ep.12,"ٵ ũ   JTBC
ֳ?"
890,JTBC ƿ  强?!   ƴ 1    λ ˹ ӿũ ep.12,Ժ ͹ ;
891,JTBC ƿ  强?!   ƴ 1    λ ˹ ӿũ ep.12,"ƴ  ̷ ªƿ! 
 ó 50о Ʋ Ϸ  !!"
892,JTBC ƿ  强?!   ƴ 1    λ ˹ ӿũ ep.12,ٵ ּ ..... ...
893,JTBC ƿ  强?!   ƴ 1    λ ˹ ӿũ ep.12,强 ä̶  վ?             
894,JTBC ƿ  强?!   ƴ 1    λ ˹ ӿũ ep.12,  > ũ
895,JTBC ƿ  强?!   ƴ 1    λ ˹ ӿũ ep.12, ȴ    ֱ  ڸ ¥ µ  ſ
896,JTBC ƿ  强?!   ƴ 1    λ ˹ ӿũ ep.12,  Ͽ ι   û ٷȾ
897,JTBC ƿ  强?!   ƴ 1    λ ˹ ӿũ ep.12, ֽø ȵǿ??  ȣε  ٴϸ鼭  ּ   
898,JTBC ƿ  强?!   ƴ 1    λ ˹ ӿũ ep.12,":ȭ  . 
:"
899,JTBC ƿ  强?!   ƴ 1    λ ˹ ӿũ ep.12,ŷ ˹ ּ!!
900,JTBC ƿ  强?!   ƴ 1    λ ˹ ӿũ ep.12,"强Դ 
¥....
Ƴ ̹  
¥  ð ׶ ϵ Ǳ  ϰ ⵵ ߴµ,
Ŷ ߾!!!!!!!
¥ ... ̼
 Դϴ.
̵  
׻ ǰϽð  ìð
 ۿ ó  
  õ  

ó ޿~~~"
901,JTBC ƿ  强?!   ƴ 1    λ ˹ ӿũ ep.12,ټð  ߴ  10е ȵǴ   ƽ  
902,JTBC ƿ  强?!   ƴ 1    λ ˹ ӿũ ep.12,?? ̸ε...
903,JTBC ƿ  强?!   ƴ 1    λ ˹ ӿũ ep.12, ̰  ִ 縷  Ÿ ƲŰٰ    
904,JTBC ƿ  强?!   ƴ 1    λ ˹ ӿũ ep.12,ũ ѹ   ٶ  һ
905,JTBC ƿ  强?!   ƴ 1    λ ˹ ӿũ ep.12,̰ հ 
906,JTBC ƿ  强?!   ƴ 1    λ ˹ ӿũ ep.12,ͽ  ä̶ ݶ󺸸  ؿ 
907,JTBC ƿ  强?!   ƴ 1    λ ˹ ӿũ ep.12,Ÿũ ī޶ ġ
908,JTBC ƿ  强?!   ƴ 1    λ ˹ ӿũ ep.12," Ѱ ī ˹ٴ Ű?
 󸶾ȵǼ Ϸ翡 ̺ ۿ    īԴϴ. 
ٷξտ   ̼ ʿ  ־ մԾ ٳŵ ˴ϴ. 
ƹ Ѱص ñ ޴´ٴ ^^/"
909,JTBC ƿ  强?!   ƴ 1    λ ˹ ӿũ ep.12,ֶٵ ٵ ٵ忡 ũ ġ Ծؿ ٵ
910,JTBC ƿ  强?!   ƴ 1    λ ˹ ӿũ ep.12,ڱ  ε   1 2  ̷   ſ...   ߿  ݵ ٸ°  µ...ǰŸ ѹ ÷ּ 
911,JTBC ƿ  强?!   ƴ 1    λ ˹ ӿũ ep.12,"ҳ ٹݰ!!!
ҳ ߴ(强): ????!!!"
912,JTBC ƿ  强?!   ƴ 1    λ ˹ ӿũ ep.12,6:40 ׸ ǵƴϿ? ݺϱ ġ  ߳     
913,JTBC ƿ  强?!   ƴ 1    λ ˹ ӿũ ep.12,"ҳ  ݱ
Jtbc..   "
914,JTBC ƿ  强?!   ƴ 1    λ ˹ ӿũ ep.12, FD...??
915,JTBC ƿ  强?!   ƴ 1    λ ˹ ӿũ ep.12,1:06 TV                     
916,JTBC ƿ  强?!   ƴ 1    λ ˹ ӿũ ep.12, ǻ ѵ ~  ض
917,JTBC ƿ  强?!   ƴ 1    λ ˹ ӿũ ep.12, ȫƼpd 𼭸̺ôµ....?
918,JTBC ƿ  强?!   ƴ 1    λ ˹ ӿũ ep.12,Ÿ ּ!
919,JTBC ƿ  强?!   ƴ 1    λ ˹ ӿũ ep.12,65 ȭ?
920,JTBC ƿ  强?!   ƴ 1    λ ˹ ӿũ ep.12,ܸ      뺻 մ°ǰ      
921,JTBC ƿ  强?!   ƴ 1    λ ˹ ӿũ ep.12,300 ̺Ʈ ؿ
922,JTBC ƿ  强?!   ƴ 1    λ ˹ ӿũ ep.12,ҳ    
923,JTBC ƿ  强?!   ƴ 1    λ ˹ ӿũ ep.12,ٵ  뿡 ī޶ ߵƳ?
924,JTBC ƿ  强?!   ƴ 1    λ ˹ ӿũ ep.12,ƿ첸
925,JTBC ƿ  强?!   ƴ 1    λ ˹ ӿũ ep.12,˶߱ 2ε ȸ 1̳      强Դ Ŭ̽ó
926,JTBC ƿ  强?!   ƴ 1    λ ˹ ӿũ ep.12, or ġ or б 꼼!!!
927,JTBC ƿ  强?!   ƴ 1    λ ˹ ӿũ ep.12,ں Ҹ  Ѵ´
928,JTBC ƿ  强?!   ƴ 1    λ ˹ ӿũ ep.12,Ǽ ؼ ̾!!!!!!
929,JTBC ƿ  强?!   ƴ 1    λ ˹ ӿũ ep.12,    ҳٹݰ   
930,JTBC ƿ  强?!   ƴ 1    λ ˹ ӿũ ep.12,"6:40 ... ׸ FD?!?!?!,?!?!?!?@?@?@??@?!?!"
931,JTBC ƿ  强?!   ƴ 1    λ ˹ ӿũ ep.12,强Դ Ѹ ¥  Ƶ   .
932,JTBC ƿ  强?!   ƴ 1    λ ˹ ӿũ ep.12,Dogs and cows welcome
933,JTBC ƿ  强?!   ƴ 1    λ ˹ ӿũ ep.12,󰰴   
934,JTBC ƿ  强?!   ƴ 1    λ ˹ ӿũ ep.12, ¥  ׽Ʈ ؾߵȴٴϱ  
935,JTBC ƿ  强?!   ƴ 1    λ ˹ ӿũ ep.12,4:06  ??
936,JTBC ƿ  强?!   ƴ 1    λ ˹ ӿũ ep.12,  Ŵ ּ~
937,JTBC ƿ  强?!   ƴ 1    λ ˹ ӿũ ep.12,
938,JTBC ƿ  强?!   ƴ 1    λ ˹ ӿũ ep.12,ø꿵  ȳϼ ø꿵 Դϴ  ּ
939,JTBC ƿ  强?!   ƴ 1    λ ˹ ӿũ ep.12,̰  ɺ  մ
940,JTBC ƿ  强?!   ƴ 1    λ ˹ ӿũ ep.12,Ŭ̸ 뵿 ?
941,JTBC ƿ  强?!   ƴ 1    λ ˹ ӿũ ep.12, 10:     ܹġڳ
942,JTBC ƿ  强?!   ƴ 1    λ ˹ ӿũ ep.12,嵵 ѹ~ ñմϴ
943,JTBC ƿ  强?!   ƴ 1    λ ˹ ӿũ ep.12,п ũ ˹ٿ
944,JTBC ƿ  强?!   ƴ 1    λ ˹ ӿũ ep.12,ٵ ˹ּ
945,JTBC ƿ  强?!   ƴ 1    λ ˹ ӿũ ep.12,"强Դ  ְ  ãŰͰϴ
""Ʃ ũ"""
946,JTBC ƿ  强?!   ƴ 1    λ ˹ ӿũ ep.12,
947,JTBC ƿ  强?!   ƴ 1    λ ˹ ӿũ ep.12,ġ ˹ּ!!!!!
948,JTBC ƿ  强?!   ƴ 1    λ ˹ ӿũ ep.12,ٵ ˹ּ
949,JTBC ƿ  强?!   ƴ 1    λ ˹ ӿũ ep.12,  ˾Ƽ     ϳ       
950,JTBC ƿ  强?!   ƴ 1    λ ˹ ӿũ ep.12,JTBC    ʹ   ù Ƕ ļ 
951,JTBC ƿ  强?!   ƴ 1    λ ˹ ӿũ ep.12," : ġʳ 
 : 󰰳
    ߷¹?"
952,JTBC ƿ  强?!   ƴ 1    λ ˹ ӿũ ep.12,ܼ ġٴ   ' ̰͵..  ׿     մ ʶ׽淹 .. ӽ̷.. ֱⰡ ~~    ;
953,JTBC ƿ  强?!   ƴ 1    λ ˹ ӿũ ep.12,ڸ  ܰ   ƽô    
954,JTBC ƿ  强?!   ƴ 1    λ ˹ ӿũ ep.12, ֹ ??
955,JTBC ƿ  强?!   ƴ 1    λ ˹ ӿũ ep.12,Ÿ ˹   
956,JTBC ƿ  强?!   ƴ 1    λ ˹ ӿũ ep.12,ũ  ִµ    
957,JTBC ƿ  强?!   ƴ 1    λ ˹ ӿũ ep.12,ī˹ ּ
958,JTBC ƿ  强?!   ƴ 1    λ ˹ ӿũ ep.12,ٵ ּ
959,JTBC ƿ  强?!   ƴ 1    λ ˹ ӿũ ep.12,ʿ       ƈ 
960,JTBC ƿ  强?!   ƴ 1    λ ˹ ӿũ ep.12,ȭ ҵ  Ѱ? 3D̶µ     ϰ ٵ ̶  ҰѰ?
961,JTBC ƿ  强?!   ƴ 1    λ ˹ ӿũ ep.12,ڱּ  밡ٰ ξϴ~~~
962,JTBC ƿ  强?!   ƴ 1    λ ˹ ӿũ ep.12, ϳ?
963,JTBC ƿ  强?!   ƴ 1    λ ˹ ӿũ ep.12,̽ũ ˹ּ!
964,JTBC ƿ  强?!   ƴ 1    λ ˹ ӿũ ep.12, äο ӹŸ  ˷ּ  
965,JTBC ƿ  强?!   ƴ 1    λ ˹ ӿũ ep.12," ں ̾ƴ϶ ׷ ΰ̼̳
¥ Ӹ ʹ       ģ"
966,JTBC ƿ  强?!   ƴ 1    λ ˹ ӿũ ep.12,Ȥ   ǵ  ׸ ǵ ׺̽Ű??
967,JTBC ƿ  强?!   ƴ 1    λ ˹ ӿũ ep.12,Ż ݼ صμ
968,JTBC ƿ  强?!   ƴ 1    λ ˹ ӿũ ep.12,ûҾü Ͻô° 鼭 ̰ 忬δ Ͻø   ñϴ...
969,JTBC ƿ  强?!   ƴ 1    λ ˹ ӿũ ep.12,  Ƴ  ½ϴ.» ƴϿ~
970,JTBC ƿ  强?!   ƴ 1    λ ˹ ӿũ ep.12,强Դ jtbc  ο?
971,JTBC ƿ  强?!   ƴ 1    λ ˹ ӿũ ep.12, ũ ڸ ϴ  ????
972,JTBC ƿ  强?!   ƴ 1    λ ˹ ӿũ ep.12,Ӽ Ƽò!!!???
973,JTBC ƿ  强?!   ƴ 1    λ ˹ ӿũ ep.12, ؼ ȣٴ ޷°    
974,JTBC ƿ  强?!   ƴ 1    λ ˹ ӿũ ep.12, 걸 ־
975,JTBC ƿ  强?!   ƴ 1    λ ˹ ӿũ ep.12, ׸ ǵ.....׶ µ ݰ
976,JTBC ƿ  强?!   ƴ 1    λ ˹ ӿũ ep.12,쳪 ˹ ?
977,JTBC ƿ  强?!   ƴ 1    λ ˹ ӿũ ep.12,ĸٰƮ ˹ٿ..!
978,JTBC ƿ  强?!   ƴ 1    λ ˹ ӿũ ep.12,Եƿ ܹ ˹Ͻ
979,JTBC ƿ  强?!   ƴ 1    λ ˹ ӿũ ep.12,Ƿȸν!
980,JTBC ƿ  强?!   ƴ 1    λ ˹ ӿũ ep.12,This episode was hilarious lol especially when he started chasing customers lmao
981,JTBC ƿ  强?!   ƴ 1    λ ˹ ӿũ ep.12,6:10 ̿ǸԴµ  ڸ Ҹ ϰ 2  ⼭ ؽֳ
982,JTBC ƿ  强?!   ƴ 1    λ ˹ ӿũ ep.12,5:08                  ٹ۾ ϴ 鿡 弱 ȳȳȳ Ÿ°         
983,JTBC ƿ  强?!   ƴ 1    λ ˹ ӿũ ep.12,Ʈ~  ҳ  ݱ!  ȸ׿! JTBC~!
984,JTBC ƿ  强?!   ƴ 1    λ ˹ ӿũ ep.12,强                                    Ҹ        
985,JTBC ƿ  强?!   ƴ 1    λ ˹ ӿũ ep.12,6:42 ׸FD Ͼ ƴ?
986,JTBC ƿ  强?!   ƴ 1    λ ˹ ӿũ ep.12,ѱ  ѱ~
987,JTBC ƿ  强?!   ƴ 1    λ ˹ ӿũ ep.12,ʿ         
988,JTBC ƿ  强?!   ƴ 1    λ ˹ ӿũ ep.12,8:16                                       
989,JTBC ƿ  强?!   ƴ 1    λ ˹ ӿũ ep.12,̷    
990,JTBC ƿ  强?!   ƴ 1    λ ˹ ӿũ ep.12,6:07 ̰ ̿ ˹ 545ʿ Ϳ (ó 30е ã⸸ ϽǱ  )
991,JTBC ƿ  强?!   ƴ 1    λ ˹ ӿũ ep.12,ҳ ٹݱ jtbc      
992,JTBC ƿ  强?!   ƴ 1    λ ˹ ӿũ ep.12,8:16         
993,JTBC ƿ  强?!   ƴ 1    λ ˹ ӿũ ep.12,7:53         
994,JTBC ƿ  强?!   ƴ 1    λ ˹ ӿũ ep.12,6:08 ̰  ̾
995,JTBC ƿ  强?!   ƴ 1    λ ˹ ӿũ ep.12, Ґ        Ͼ~! ų      
996,JTBC ƿ  强?!   ƴ 1    λ ˹ ӿũ ep.12,  ¥ Ʃ ߴ ʹ  Ͽϱ
997,JTBC ƿ  强?!   ƴ 1    λ ˹ ӿũ ep.12, ҳ  ݰ             
998,JTBC ƿ  强?!   ƴ 1    λ ˹ ӿũ ep.12," 帳 ¥ 鼭         ¥    , ƴ   ϳ"
999,JTBC ƿ  强?!   ƴ 1    λ ˹ ӿũ ep.12,Ժ               
1000,JTBC ƿ  强?!   ƴ 1    λ ˹ ӿũ ep.12,ƈ             06:07   帳̿    
1001,JTBC ƿ  强?!   ƴ 1    λ ˹ ӿũ ep.12,        ġԿ  
1002,JTBC ƿ  强?!   ƴ 1    λ ˹ ӿũ ep.12,   ¥    
1003,JTBC ƿ  强?!   ƴ 1    λ ˹ ӿũ ep.12,ҳ                       
1004,JTBC ƿ  强?!   ƴ 1    λ ˹ ӿũ ep.12,6:41 ̺ ~~~ ׸ǿ  Ͻð ԽƮ ã  ȥŰ FDƴϽŰ...?
1005,JTBC ƿ  强?!   ƴ 1    λ ˹ ӿũ ep.12,5:48 Ͻô е  ó׿    
1006,JTBC ƿ  强?!   ƴ 1    λ ˹ ӿũ ep.12,4:43 Ƴİ                 
1007,JTBC ƿ  强?!   ƴ 1    λ ˹ ӿũ ep.12,󰰴           
1008,JTBC ƿ  强?!   ƴ 1    λ ˹ ӿũ ep.12,3:41       ȿ     
1009,JTBC ƿ  强?!   ƴ 1    λ ˹ ӿũ ep.12,5:15 ãư   
1010,JTBC ƿ  强?!   ƴ 1    λ ˹ ӿũ ep.12,       
1011,JTBC ƿ  强?!   ƴ 1    λ ˹ ӿũ ep.12,  ù  Ȧμ    
1012,JTBC ƿ  强?!   ƴ 1    λ ˹ ӿũ ep.12,㸮    A       
1013,JTBC ƿ  强?!   ƴ 1    λ ˹ ӿũ ep.12,̭k                  ʹ ܿ     
1014,JTBC ƿ  强?!   ƴ 1    λ ˹ ӿũ ep.12,7:56 ٵJ     
1015,JTBC ƿ  强?!   ƴ 1    λ ˹ ӿũ ep.12,ʰ ƸƮ  ƿ     
1016,JTBC ƿ  强?!   ƴ 1    λ ˹ ӿũ ep.12,߳ 帳 ¥ ųƮ                             
1017,JTBC ƿ  强?!   ƴ 1    λ ˹ ӿũ ep.12,  ̰ ҽψ                Ƴ
1018,JTBC ƿ  强?!   ƴ 1    λ ˹ ӿũ ep.12,↶            
1019,JTBC ƿ  强?!   ƴ 1    λ ˹ ӿũ ep.12,3:35ʿ         
1020,JTBC ƿ  强?!   ƴ 1    λ ˹ ӿũ ep.12,󰰈        
1021,JTBC ƿ  强?!   ƴ 1    λ ˹ ӿũ ep.12,       
1022,JTBC ƿ  强?!   ƴ 1    λ ˹ ӿũ ep.12,@6:44   µ
1023,JTBC ƿ  强?!   ƴ 1    λ ˹ ӿũ ep.12, ҳ  ݁      ġڈ    
1024,JTBC ƿ  强?!   ƴ 1    λ ˹ ӿũ ep.12, ȳȳȳ           
1025,JTBC ƿ  强?!   ƴ 1    λ ˹ ӿũ ep.12, ǥ    ¥    
1026,JTBC ƿ  强?!   ƴ 1    λ ˹ ӿũ ep.12,Ƿη          
1027,JTBC ƿ  强?!   ƴ 1    λ ˹ ӿũ ep.12,6:40   ǵ ׸ǿ fd ƴѰ..?  ʹϴ
1028,JTBC ƿ  强?!   ƴ 1    λ ˹ ӿũ ep.12,  ÷ Ƴ ö   ˾Ҿ.  Դϴ.  
1029,JTBC ƿ  强?!   ƴ 1    λ ˹ ӿũ ep.12,                
1030,JTBC ƿ  强?!   ƴ 1    λ ˹ ӿũ ep.12,ãư                     
1031,JTBC ƿ  强?!   ƴ 1    λ ˹ ӿũ ep.12, ξƺǷ?        
1032,JTBC ƿ  强?!   ƴ 1    λ ˹ ӿũ ep.12,҆E        
1033,JTBC ƿ  强?!   ƴ 1    λ ˹ ӿũ ep.12,ڱ ޶Ͻó          Ͽ  ׸Ǻ  Ƴ  þµ Ʃ꿡  ϱ ɰϰ  ̳ןD            
1034,JTBC ƿ  强?!   ƴ 1    λ ˹ ӿũ ep.12,    
1035,JTBC ƿ  强?!   ƴ 1    λ ˹ ӿũ ep.12,ҳ  ݱ                                                      
1036,JTBC ƿ  强?!   ƴ 1    λ ˹ ӿũ ep.12,    »̰ ѽ̴
1037,JTBC ƿ  强?!   ƴ 1    λ ˹ ӿũ ep.12,01:14 ջ Ʈ 꽺 ô±
1038,JTBC ƿ  强?!   ƴ 1    λ ˹ ӿũ ep.12,̰ź Ǯ ֹ޾ƿ     
1039,JTBC ƿ  强?!   ƴ 1    λ ˹ ӿũ ep.12,             
1040,JTBC ƿ  强?!   ƴ 1    λ ˹ ӿũ ep.12,6:40 ׸ PD ƴ?
1041,JTBC ƿ  强?!   ƴ 1    λ ˹ ӿũ ep.12,"强 Ƶ
! "
1042,JTBC ƿ  强?!   ƴ 1    λ ˹ ӿũ ep.12,     
1043,JTBC ƿ  强?!   ƴ 1    λ ˹ ӿũ ep.12, 󸶳°ž     
1044,JTBC ƿ  强?!   ƴ 1    λ ˹ ӿũ ep.12,Isn't that one of the PDS of running man?
1045,JTBC ƿ  强?!   ƴ 1    λ ˹ ӿũ ep.12,9  ; ><!!!
1046,JTBC ƿ  强?!   ƴ 1    λ ˹ ӿũ ep.12,?                    
1047,JTBC ƿ  强?!   ƴ 1    λ ˹ ӿũ ep.12, ĳ  ּ       
1048,JTBC ƿ  强?!   ƴ 1    λ ˹ ӿũ ep.12, ̶ Ѱ л     ʰ...
1049,JTBC ƿ  强?!   ƴ 1    λ ˹ ӿũ ep.12,Ÿ ּ~~  帶ũ!!!
1050,JTBC ƿ  强?!   ƴ 1    λ ˹ ӿũ ep.12,  Ƽ ũ  ôµ ̶   ϴ~!
1051,JTBC ƿ  强?!   ƴ 1    λ ˹ ӿũ ep.12,ũ Ŭ  
1052,JTBC ƿ  强?!   ƴ 1    λ ˹ ӿũ ep.12,6:40 ǵ̽Ű...?
1053,JTBC ƿ  强?!   ƴ 1    λ ˹ ӿũ ep.12,"ƴ 㸮  ?
¥ ̳                  "
1054,JTBC ƿ  强?!   ƴ 1    λ ˹ ӿũ ep.12,     
1055,JTBC ƿ  强?!   ƴ 1    λ ˹ ӿũ ep.12,Ҷġ˹ 
1056,JTBC ƿ  强?!   ƴ 1    λ ˹ ӿũ ep.12,ߴµ  ȸȿ ũ ..?
1057,JTBC ƿ  强?!   ƴ 1    λ ˹ ӿũ ep.12,󰰴 
1058,JTBC ƿ  强?!   ƴ 1    λ ˹ ӿũ ep.12,ʹ ־   
1059,JTBC ƿ  强?!   ƴ 1    λ ˹ ӿũ ep.12,ȭ˹ϸ ԰ڴ
1060,JTBC ƿ  强?!   ƴ 1    λ ˹ ӿũ ep.12, ʹ        ¥            󰰈     
1061,JTBC ƿ  强?!   ƴ 1    λ ˹ ӿũ ep.12,8:55 JTCB..?
1062,JTBC ƿ  强?!   ƴ 1    λ ˹ ӿũ ep.12,3:32                 
1063,JTBC ƿ  强?!   ƴ 1    λ ˹ ӿũ ep.12,"ͽǺٰ ũ ϱ ż
 Ұ!!! 强 Ƴ ŷ 
վ      "
1064,JTBC ƿ  强?!   ƴ 1    λ ˹ ӿũ ep.12,ְī䰡 帳
1065,JTBC ƿ  强?!   ƴ 1    λ ˹ ӿũ ep.12," ...  .... ʹϱ....   ּ.,..  ƴ   εּ....."
1066,JTBC ƿ  强?!   ƴ 1    λ ˹ ӿũ ep.12,¥ȣ ̾
1067,JTBC ƿ  强?!   ƴ 1    λ ˹ ӿũ ep.12,()? θ      jtbc  ҳ  ݰ     jtbc Գ ֽϴپ!~~ϼ!   
1068,JTBC ƿ  强?!   ƴ 1    λ ˹ ӿũ ep.12, ¥ 强Դ԰   ʹ վ ..       
1069,JTBC ƿ  强?!   ƴ 1    λ ˹ ӿũ ep.12,ȫ ŸϾƺ ׸ ׺ΰ??
1070,JTBC ƿ  强?!   ƴ 1    λ ˹ ӿũ ep.12,           ׷   ýñ ̷.. ¥    
1071,JTBC ƿ  强?!   ƴ 1    λ ˹ ӿũ ep.12,... ʿ ..      óôµ..     
1072,JTBC ƿ  强?!   ƴ 1    λ ˹ ӿũ ep.12,׸ PD  ô±??!!
1073,JTBC ƿ  强?!   ƴ 1    λ ˹ ӿũ ep.12,󰰴            
1074,JTBC ƿ  强?!   ƴ 1    λ ˹ ӿũ ep.12,  ҳ  ٹݱ JTCB
1075,JTBC ƿ  强?!   ƴ 1    λ ˹ ӿũ ep.12,  Դ ̱E                                           
1076,JTBC ƿ  强?!   ƴ 1    λ ˹ ӿũ ep.12, 
1077,JTBC ƿ  强?!   ƴ 1    λ ˹ ӿũ ep.12,߰ ä  ϴ°?
1078,JTBC ƿ  强?!   ƴ 1    λ ˹ ӿũ ep.12,"Loved this program , even if i don't understand korean."
1079,JTBC ƿ  强?!   ƴ 1    λ ˹ ӿũ ep.12,强       
1080,JTBC ƿ  强?!   ƴ 1    λ ˹ ӿũ ep.12,ũ̴ϱ Ŭ Ҹ̸(Holiday man) 
1081,JTBC ƿ  强?!   ƴ 1    λ ˹ ӿũ ep.12, ̰         强 ¥                
1082,JTBC ƿ  强?!   ƴ 1    λ ˹ ӿũ ep.12,ƴ ¥            
1083,JTBC ƿ  强?!   ƴ 1    λ ˹ ӿũ ep.12, ¥         ƴ    
1084,JTBC ƿ  强?!   ƴ 1    λ ˹ ӿũ ep.12,͵        
1085,JTBC ƿ  强?!   ƴ 1    λ ˹ ӿũ ep.12, ¥      ʹ                               Զ ؿ
1086,JTBC ƿ  强?!   ƴ 1    λ ˹ ӿũ ep.12,强 Դ ¥ Ƴ       
1087,JTBC ƿ  强?!   ƴ 1    λ ˹ ӿũ ep.12,8:55 ҳ  ݰ       
1088,JTBC ƿ  强?!   ƴ 1    λ ˹ ӿũ ep.12,3:13 ֱ ƽôº???  
1089,JTBC ƿ  强?!   ƴ 1    λ ˹ ӿũ ep.12,      ¥   a             
1090,JTBC ƿ  强?!   ƴ 1    λ ˹ ӿũ ep.12,8:58            
1091,JTBC ƿ  强?!   ƴ 1    λ ˹ ӿũ ep.12, ߰        
1092,JTBC ƿ  强?!   ƴ 1    λ ˹ ӿũ ep.12,  
1093,JTBC ƿ  强?!   ƴ 1    λ ˹ ӿũ ep.12,3:39 ʿ      
1094,JTBC ƿ  强?!   ƴ 1    λ ˹ ӿũ ep.12,               Ǯ            
1095,JTBC ƿ  强?!   ƴ 1    λ ˹ ӿũ ep.12, ĳ õ 
1096,JTBC ƿ  强?!   ƴ 1    λ ˹ ӿũ ep.12,¥ ̷                
1097,JTBC ƿ  强?!   ƴ 1    λ ˹ ӿũ ep.12,ġڴ                   
1098,JTBC ƿ  强?!   ƴ 1    λ ˹ ӿũ ep.12,..  ó ڸ մϴ. .     
1099,JTBC ƿ  强?!   ƴ 1    λ ˹ ӿũ ep.12,҆E         
1100,JTBC ƿ  强?!   ƴ 1    λ ˹ ӿũ ep.12, ׳ ó    
1101,JTBC ƿ  强?!   ƴ 1    λ ˹ ӿũ ep.12,6:38 ϼ踲..??
1102,JTBC ƿ  强?!   ƴ 1    λ ˹ ӿũ ep.12,6:40 Ѷ ׸ FD ƴ?!
1103,JTBC ƿ  强?!   ƴ 1    λ ˹ ӿũ ep.12,           ٹٴ  
1104,JTBC ƿ  强?!   ƴ 1    λ ˹ ӿũ ep.12,1:35   ϴ      10
1105,JTBC ƿ  强?!   ƴ 1    λ ˹ ӿũ ep.12,01:55 ī~Ƕ?  ~?
1106,JTBC ƿ  强?!   ƴ 1    λ ˹ ӿũ ep.12, Ƴā   
1107,JTBC ƿ  强?!   ƴ 1    λ ˹ ӿũ ep.12,󰰴       
1108,JTBC ƿ  强?!   ƴ 1    λ ˹ ӿũ ep.12,߰ ũƼ PD  ׸ FDƴϳ    ϰ  
1109,JTBC ƿ  强?!   ƴ 1    λ ˹ ӿũ ep.12,Ƽ ȵǳ       
1110,JTBC ƿ  强?!   ƴ 1    λ ˹ ӿũ ep.12,                
1111,JTBC ƿ  强?!   ƴ 1    λ ˹ ӿũ ep.12,tv   ȵǳ                         ģ         
1112,JTBC ƿ  强?!   ƴ 1    λ ˹ ӿũ ep.12,           ڵ °    
1113,JTBC ƿ  强?!   ƴ 1    λ ˹ ӿũ ep.12,ʹ մ              
1114,JTBC ƿ  强?!   ƴ 1    λ ˹ ӿũ ep.12,ø꿵 ˹ּ   
1115,JTBC ƿ  强?!   ƴ 1    λ ˹ ӿũ ep.12,̾ƴѰţ                          
1116,JTBC ƿ  强?!   ƴ 1    λ ˹ ӿũ ep.12,ڳñ!!~ !!~
1117,JTBC ƿ  强?!   ƴ 1    λ ˹ ӿũ ep.12,5:20 ()
1118,JTBC ƿ  强?!   ƴ 1    λ ˹ ӿũ ep.12,6:40 ⿡ ũ  ׸ǿ    ƴѰ
1119,JTBC ƿ  强?!   ƴ 1    λ ˹ ӿũ ep.12,     ̾µ   ҳ    
1120,JTBC ƿ  强?!   ƴ 1    λ ˹ ӿũ ep.12,Ź       ּ
1121,JTBC ƿ  强?!   ƴ 1    λ ˹ ӿũ ep.12, ¥
1122,JTBC ƿ  强?!   ƴ 1    λ ˹ ӿũ ep.12,̾ƴѰţ        
1123,JTBC ƿ  强?!   ƴ 1    λ ˹ ӿũ ep.12,6:40 ׸ FD   ׷
1124,JTBC ƿ  强?!   ƴ 1    λ ˹ ӿũ ep.12,"׸Ƕ   FD̴!!!!!
׸Ƕ ¥ µ JTBC ̱!!!"
1125,JTBC ƿ  强?!   ƴ 1    λ ˹ ӿũ ep.12, 縦 ڴ    
1126,JTBC ƿ  强?!   ƴ 1    λ ˹ ӿũ ep.12,μ   Ҹ Ͻó׿     ׷ ǹ̿ ΰ ü õ!!
1127,JTBC ƿ  强?!   ƴ 1    λ ˹ ӿũ ep.12,6:42 FD???
1128,JTBC ƿ  强?!   ƴ 1    λ ˹ ӿũ ep.12,  100   
1129,JTBC ƿ  强?!   ƴ 1    λ ˹ ӿũ ep.12,ҳ   ݱ䵥              
1130,JTBC ƿ  强?!   ƴ 1    λ ˹ ӿũ ep.12,100 ϵ!!
1131,JTBC ƿ  强?!   ƴ 1    λ ˹ ӿũ ep.12,ũ ݱ  ̰ ¥  վ ְ
1132,JTBC ƿ  强?!   ƴ 1    λ ˹ ӿũ ep.12,Ű Ǯ 2018 ޽  ũ ߵ  ״ٰ ִµ ΰ?
1133,JTBC ƿ  强?!   ƴ 1    λ ˹ ӿũ ep.12,??  ׸ FD ó׿     
1134,JTBC ƿ  强?!   ƴ 1    λ ˹ ӿũ ep.12,"ȭī ˹ ּ!
ƴ PC ˹ٿ!"
1135,JTBC ƿ  强?!   ƴ 1    λ ˹ ӿũ ep.12,ְ߱ 
1136,JTBC ƿ  强?!   ƴ 1    λ ˹ ӿũ ep.12,䱸Ʈ   Ÿ ּ    
1137,JTBC ƿ  强?!   ƴ 1    λ ˹ ӿũ ep.12, ֽø ȵɱ? ټ ̼řC          ƿ
1138,JTBC ƿ  强?!   ƴ 1    λ ˹ ӿũ ep.12, ..      
1139,JTBC ƿ  强?!   ƴ 1    λ ˹ ӿũ ep.12,"6:41 ׸ǿ    ƴѰ,,?"
1140,JTBC ƿ  强?!   ƴ 1    λ ˹ ӿũ ep.12,մϴ  츮ε    
1141,JTBC ƿ  强?!   ƴ 1    λ ˹ ӿũ ep.12,8:55 JTCB?
1142,JTBC ƿ  强?!   ƴ 1    λ ˹ ӿũ ep.12,   ϰ    ȵɱ  û վµ ªϱ  
1143,JTBC ƿ  强?!   ƴ 1    λ ˹ ӿũ ep.12,9:00 (  ұ!)
1144,JTBC ƿ  强?!   ƴ 1    λ ˹ ӿũ ep.12,强 ̷ δ. Ǯ ϰ
1145,JTBC ƿ  强?!   ƴ 1    λ ˹ ӿũ ep.12,â  ˹        
1146,JTBC ƿ  强?!   ƴ 1    λ ˹ ӿũ ep.12,"ٰ ƴ ͼ  Ҵ  Ƹ Ҹǳ̰,, "
1147,JTBC ƿ  强?!   ƴ 1    λ ˹ ӿũ ep.12,͵ λ ڰڽϴ ^^
1148,JTBC ƿ  强?!   ƴ 1    λ ˹ ӿũ ep.12,б ޽ľָӴ ּ    .... ...
1149,JTBC ƿ  强?!   ƴ 1    λ ˹ ӿũ ep.12,Ǯ ̸Ե  õð ʹ     ־   
1150,JTBC ƿ  强?!   ƴ 1    λ ˹ ӿũ ep.12,"ī˹ٵ ѹ ּ 
     "
1151,JTBC ƿ  强?!   ƴ 1    λ ˹ ӿũ ep.12,  ̰ ҽψ                   
1152,JTBC ƿ  强?!   ƴ 1    λ ˹ ӿũ ep.12," ٵ 3:57 Ʈ ġ  å ׾       
  سµ ʹ  ϰ ȥ        ǻ      "
1153,JTBC ƿ  强?!   ƴ 1    λ ˹ ӿũ ep.12,pd  ׸ǳ̴ fd ̴
1154,JTBC ƿ  强?!   ƴ 1    λ ˹ ӿũ ep.12,Ϻ 
1155,JTBC ƿ  强?!   ƴ 1    λ ˹ ӿũ ep.12,"    ˹ϴ° ٸ ִ 𸣰ڴ
 ٷ"
1156,JTBC ƿ  强?!   ƴ 1    λ ˹ ӿũ ep.12,"󼱹,  .."
1157,JTBC ƿ  强?!   ƴ 1    λ ˹ ӿũ ep.12,ũPD ׸ǿ  ..
1158,JTBC ƿ  强?!   ƴ 1    λ ˹ ӿũ ep.12,0:48   ð                   ̽ø  ԰ ϳ׿  
1159,JTBC ƿ  强?!   ƴ 1    λ ˹ ӿũ ep.12,"1:57  ,,,  ź̿,,,"
1160,JTBC ƿ  强?!   ƴ 1    λ ˹ ӿũ ep.12,6:42 ȫƼ  ׸ǳԴ FDƴ...??
1161,JTBC ƿ  强?!   ƴ 1    λ ˹ ӿũ ep.12,  īƮ Ÿ Ʈ ѹ ּ!!
1162,JTBC ƿ  强?!   ƴ 1    λ ˹ ӿũ ep.12,ȳϼ:) ũ û λ ȸ ָ    Դϴ    ÿ ָ  ϴ Ϸ ּ 
1163,JTBC ƿ  强?!   ƴ 1    λ ˹ ӿũ ep.12, ໡Ƽ 
1164,JTBC ƿ  强?!   ƴ 1    λ ˹ ӿũ ep.12,"0:17 ¥ ˷ ƹ   ־µ ĩ,"
1165,JTBC ƿ  强?!   ƴ 1    λ ˹ ӿũ ep.12,"¥ ũ ƴ 
强 ѳ             ؿ ũ"
1166,JTBC ƿ  强?!   ƴ 1    λ ˹ ӿũ ep.12,"Ǯ ָӴ..,, б   гǿ  ְ ż ħ 츮б гǸ  ѸԴ°ǰ"
1167,JTBC ƿ  强?!   ƴ 1    λ ˹ ӿũ ep.12,ٱ׷ͺôµ ǥ ..
1168,JTBC ƿ  强?!   ƴ 1    λ ˹ ӿũ ep.12,󰰴
1169,JTBC ƿ  强?!   ƴ 1    λ ˹ ӿũ ep.12,                                 ǮӴ϶ ɹ̹ ߾        强 ض   
1170,JTBC ƿ  强?!   ƴ 1    λ ˹ ӿũ ep.12,п˹ּ... ʵл Ÿ....
1171,JTBC ƿ  强?!   ƴ 1    λ ˹ ӿũ ep.12, 1ȸ⿬ƽ
1172,JTBC ƿ  强?!   ƴ 1    λ ˹ ӿũ ep.12,ٵ   JTBC  Ѱſ???
1173,JTBC ƿ  强?!   ƴ 1    λ ˹ ӿũ ep.12,    ??
1174,JTBC ƿ  强?!   ƴ 1    λ ˹ ӿũ ep.12,׸   Ͼ ũ PD   
1175,JTBC ƿ  强?!   ƴ 1    λ ˹ ӿũ ep.12,6:39 Pd  ׸ FD ƴϽŰ? ̴µ
1176,JTBC ƿ  强?!   ƴ 1    λ ˹ ӿũ ep.12,׸ ⿣ JTBC ũⰡ ۾Ҵſ....ǥ̶  ¥   䵥 Ѱ ŷε  ũ Ͻñ ٶϴ
1177,JTBC ƿ  强?!   ƴ 1    λ ˹ ӿũ ep.12,մ
1178,JTBC ƿ  强?!   ƴ 1    λ ˹ ӿũ ep.12,ȸǰ
1179,JTBC ƿ  强?!   ƴ 1    λ ˹ ӿũ ep.12,±ǵ  ּ!!
1180,JTBC ƿ  强?!   ƴ 1    λ ˹ ӿũ ep.12,03:15     
1181,JTBC ƿ  强?!   ƴ 1    λ ˹ ӿũ ep.12,8:56 JTCB     (ָӴ Ѱ ƴմϴ!! ǰìּż !!)
1182,JTBC ƿ  强?!   ƴ 1    λ ˹ ӿũ ep.12,  ̰ ҽϴٷ    Ƴİ    
1183,JTBC ƿ  强?!   ƴ 1    λ ˹ ӿũ ep.12,8:17  ƴϷ    
1184,JTBC ƿ  强?!   ƴ 1    λ ˹ ӿũ ep.12,6:41  ׸ PD       
1185,JTBC ƿ  强?!   ƴ 1    λ ˹ ӿũ ep.12,强                   ʹ      
1186,JTBC ƿ  强?!   ƴ 1    λ ˹ ӿũ ep.12,... ¥ ʹ                            ƿ    
1187,JTBC ƿ  强?!   ƴ 1    λ ˹ ӿũ ep.12,¥ õ  鿡  ̾    
1188,JTBC ƿ  强?!   ƴ 1    λ ˹ ӿũ ep.12,6:41  ̺ ⼭ ˳׿   
1189,JTBC ƿ  强?!   ƴ 1    λ ˹ ӿũ ep.12,            ڸ      α         ѱͿڳ       
1190,JTBC ƿ  强?!   ƴ 1    λ ˹ ӿũ ep.12,强Ե ໡  ໡ Joon Ȳ                ƴ϶  
1191,JTBC ƿ  强?!   ƴ 1    λ ˹ ӿũ ep.12,05:09  ?
1192,JTBC ƿ  强?!   ƴ 1    λ ˹ ӿũ ep.12,          10:   ʹ䈪      
1193,JTBC ƿ  强?!   ƴ 1    λ ˹ ӿũ ep.12,Ƹ   ǥ   б̝     
1194,JTBC ƿ  强?!   ƴ 1    λ ˹ ӿũ ep.12,6:41   ׸ ۰  ⿬ Ͻ  ƴѰ?
1195,JTBC ƿ  强?!   ƴ 1    λ ˹ ӿũ ep.12,ʿ        ģ       ʹ              
1196,JTBC ƿ  强?!   ƴ 1    λ ˹ ӿũ ep.12, ° ʹ ͿÈ      
1197,JTBC ƿ  强?!   ƴ 1    λ ˹ ӿũ ep.12,   û µ        ˴ٴ    
1198,JTBC ƿ  强?!   ƴ 1    λ ˹ ӿũ ep.12,Ҹ         
1199,JTBC ƿ  强?!   ƴ 1    λ ˹ ӿũ ep.12,Ҹ ϴ°       Ͼ~!!
1200,JTBC ƿ  强?!   ƴ 1    λ ˹ ӿũ ep.12,              ƾ~~~!
1201,JTBC ƿ  强?!   ƴ 1    λ ˹ ӿũ ep.12,8:39 ׷~ κп  ʹ ƿ    
1202,JTBC ƿ  强?!   ƴ 1    λ ˹ ӿũ ep.12,         ¥                                
1203,JTBC ƿ  强?!   ƴ 1    λ ˹ ӿũ ep.12,", ¥  װڴ"
1204,JTBC ƿ  强?!   ƴ 1    λ ˹ ӿũ ep.12,          强 ¥   ׸ δٱ ķħ
1205,JTBC ƿ  强?!   ƴ 1    λ ˹ ӿũ ep.12,̰ź  Ǯ      ûߴµ  Ŀ      μƼ ϴ° ƴϿ?
1206,JTBC ƿ  强?!   ƴ 1    λ ˹ ӿũ ep.12, б ִ Ȱ ͼ ˾Ȼ CS ˹  ּ.  ȯڰ Ŀ
1207,JTBC ƿ  强?!   ƴ 1    λ ˹ ӿũ ep.12,      
1208,JTBC ƿ  强?!   ƴ 1    λ ˹ ӿũ ep.12, ҳ                  
1209,JTBC ƿ  强?!   ƴ 1    λ ˹ ӿũ ep.12,..ž  3       
1210,JTBC ƿ  强?!   ƴ 1    λ ˹ ӿũ ep.12,      
1211,JTBC ƿ  强?!   ƴ 1    λ ˹ ӿũ ep.12,6:38 ī޶ » ϴ?
1212,JTBC ƿ  强?!   ƴ 1    λ ˹ ӿũ ep.12,               
1213,JTBC ƿ  强?!   ƴ 1    λ ˹ ӿũ ep.12,   
1214,JTBC ƿ  强?!   ƴ 1    λ ˹ ӿũ ep.12,   ͽ ũ ݶ    پ    
1215,JTBC ƿ  强?!   ƴ 1    λ ˹ ӿũ ep.12,6:42  ׸ ǵ ƴϽŰ jtbc ̳.. Ϳ... 
1216,JTBC ƿ  强?!   ƴ 1    λ ˹ ӿũ ep.12," °       
     "
1217,JTBC ƿ  强?!   ƴ 1    λ ˹ ӿũ ep.12,6:40 ?!??!?!!!!!!̺ ׸  ǳ ϰ ô  pd!!!! pd ΰ ׺оƴϼ?!?!??!?!?!!!!!!
1218,JTBC ƿ  强?!   ƴ 1    λ ˹ ӿũ ep.12,         
1219,JTBC ƿ  强?!   ƴ 1    λ ˹ ӿũ ep.12,6:41 ̺  ׸ ƿ  FDƴѰ?
1220,JTBC ƿ  强?!   ƴ 1    λ ˹ ӿũ ep.12,ٵ ˹ ô  4
1221,JTBC ƿ  强?!   ƴ 1    λ ˹ ӿũ ep.12,     ʹܼ ڳ
1222,JTBC ƿ  强?!   ƴ 1    λ ˹ ӿũ ep.12,6:40 ׸ FDƴ? pdǽŰž??
1223,JTBC ƿ  强?!   ƴ 1    λ ˹ ӿũ ep.12,۸۸!!! ~ ~
1224,JTBC ƿ  强?!   ƴ 1    λ ˹ ӿũ ep.12,  ׷ 强  äϰ  ־?
1225,JTBC ƿ  强?!   ƴ 1    λ ˹ ӿũ ep.12,        
1226,JTBC ƿ  强?!   ƴ 1    λ ˹ ӿũ ep.12,  
1227,JTBC ƿ  强?!   ƴ 1    λ ˹ ӿũ ep.12,"ġʴ  
󰰴
           "
1228,JTBC ƿ  强?!   ƴ 1    λ ˹ ӿũ ep.12,ī޶  pd ׸ fd   
1229,JTBC ƿ  强?!   ƴ 1    λ ˹ ӿũ ep.12,»     
1230,JTBC ƿ  强?!   ƴ 1    λ ˹ ӿũ ep.12,»   
1231,JTBC ƿ  强?!   ƴ 1    λ ˹ ӿũ ep.12,ũ....¯     
1232,JTBC ƿ  强?!   ƴ 1    λ ˹ ӿũ ep.12,ũ Joon ̽ ͽ ϴµ װŶ ϴ Ÿ  ѰŰ                 
1233,JTBC ƿ  强?!   ƴ 1    λ ˹ ӿũ ep.12, ˹    ּ    
1234,JTBC ƿ  强?!   ƴ 1    λ ˹ ӿũ ep.12,100 ~
1235,JTBC ƿ  强?!   ƴ 1    λ ˹ ӿũ ep.12, 󼱹 ʹ ȱ
1236,JTBC ƿ  强?!   ƴ 1    λ ˹ ӿũ ep.12,ƴ  ǥ 
1237,JTBC ƿ  强?!   ƴ 1    λ ˹ ӿũ ep.12,Ʈ ý Ǹ ˹ٿ!!!
1238,JTBC ƿ  强?!   ƴ 1    λ ˹ ӿũ ep.12,6:40 ׸ǿ  پٴϽô FD ƴϽŰ???? jtbc ̳
1239,JTBC ƿ  强?!   ƴ 1    λ ˹ ӿũ ep.12,Ưϰ ý ˹ ѹ  ^^
1240,JTBC ƿ  强?!   ƴ 1    λ ˹ ӿũ ep.12,״ Ƴ ̾....  
1241,JTBC ƿ  强?!   ƴ 1    λ ˹ ӿũ ep.12,"ȭ˹ٿ!!! 
ûٴµ Ŭ󽺺ֽ  "
1242,JTBC ƿ  强?!   ƴ 1    λ ˹ ӿũ ep.12,      tv  ȵſ??
1243,JTBC ƿ  强?!   ƴ 1    λ ˹ ӿũ ep.12,      밢
1244,JTBC ƿ  强?!   ƴ 1    λ ˹ ӿũ ep.12,»       
1245,JTBC ƿ  强?!   ƴ 1    λ ˹ ӿũ ep.12,63 â۱
1246,JTBC ƿ  强?!   ƴ 1    λ ˹ ӿũ ep.12,־
1247,JTBC ƿ  强?!   ƴ 1    λ ˹ ӿũ ep.12, Ծ   
1248,JTBC ƿ  强?!   ƴ 1    λ ˹ ӿũ ep.12,ڸ ּ ڸ   ֽ
1249,JTBC ƿ  强?!   ƴ 1    λ ˹ ӿũ ep.12,    
1250,JTBC ƿ  强?!   ƴ 1    λ ˹ ӿũ ep.12,ռ  Ϻ
1251,JTBC ƿ  强?!   ƴ 1    λ ˹ ӿũ ep.12,  ΰ?
1252,JTBC ƿ  强?!   ƴ 1    λ ˹ ӿũ ep.12,ٵϿ콺ּ!!
1253,JTBC ƿ  强?!   ƴ 1    λ ˹ ӿũ ep.12,Ҹ 
1254,JTBC ƿ  强?!   ƴ 1    λ ˹ ӿũ ep.12,ڿ  츮 ּ~
1255,JTBC ƿ  强?!   ƴ 1    λ ˹ ӿũ ep.12,  ߱⾾
1256,JTBC ƿ  强?!   ƴ 1    λ ˹ ӿũ ep.12,i watched it once without subs and wait for subs so i can watch again
1257,JTBC ƿ  强?!   ƴ 1    λ ˹ ӿũ ep.12,Ʈ Ǹ õؿ
1258,JTBC ƿ  强?!   ƴ 1    λ ˹ ӿũ ep.12,뷮 âǾħ ̼п ּ   
1259,JTBC ƿ  强?!   ƴ 1    λ ˹ ӿũ ep.12,ڱ  ?ʿ        
1260,JTBC ƿ  强?!   ƴ 1    λ ˹ ӿũ ep.12, ˹
1261,JTBC ƿ  强?!   ƴ 1    λ ˹ ӿũ ep.12,      عƳ ʿ ̴ 躸       Ƴ       100%߸ã̽
1262,JTBC ƿ  强?!   ƴ 1    λ ˹ ӿũ ep.12,6:40 ̰ ׸ǿ  ź ƴϾ  ̹(?) ݳô
1263,JTBC ƿ  强?!   ƴ 1    λ ˹ ӿũ ep.12,հ  ϴ.  츮 ֺ   е  ٴ  ٽ ѹ ϴ.
1264,JTBC ƿ  强?!   ƴ 1    λ ˹ ӿũ ep.12,ƈ          ŰŶ???                ź ߾µ
1265,JTBC ƿ  强?!   ƴ 1    λ ˹ ӿũ ep.12,󰰈         ޿Ʈ ϰ Ͻð ѱ ΰŰƟD         
1266,JTBC ƿ  强?!   ƴ 1    λ ˹ ӿũ ep.12,PD 12Ͽ  ̽ ŵ  
1267,JTBC ƿ  强?!   ƴ 1    λ ˹ ӿũ ep.12,"BTS ƹ ũ  .... 
̴ Ӷ õ Ӷ  ϳ"
1268,JTBC ƿ  强?!   ƴ 1    λ ˹ ӿũ ep.12,濡  ʹ ٽ 帳̶ ߴµ..     1ȭ Ҿ ִµ  ߽ϴ.    ںе鵵  ~ .      ͽϴ~ ȱ~
1269,JTBC ƿ  强?!   ƴ 1    λ ˹ ӿũ ep.12,"6:42 ̺ ׸ û    ƴϽŰ,,? ǳ  Ͻð  ǵ,,"
1270,JTBC ƿ  强?!   ƴ 1    λ ˹ ӿũ ep.12,ƴ  ׷ǰ ѱ ڳ ̾ ?? ϰ   Ÿ ʹ 
1271,JTBC ƿ  强?!   ƴ 1    λ ˹ ӿũ ep.12,γ뷡.˹ ñؿ! ϴ
1272,JTBC ƿ  强?!   ƴ 1    λ ˹ ӿũ ep.12, ҆E       
1273,JTBC ƿ  强?!   ƴ 1    λ ˹ ӿũ ep.12,"˹ٺִ° ˷ 
ǺҸǴ³Ҹ׵"
1274,JTBC ƿ  强?!   ƴ 1    λ ˹ ӿũ ep.12,  ڸ ÷   ߴµ  强԰ſ..
1275,JTBC ƿ  强?!   ƴ 1    λ ˹ ӿũ ep.12," 强() ſ ?        
  µ           "
1276,JTBC ƿ  强?!   ƴ 1    λ ˹ ӿũ ep.12, ȣ! ڰ̵ʿ!
1277,JTBC ƿ  强?!   ƴ 1    λ ˹ ӿũ ep.12,¥ 强Դ ũ  ּ      ϸ ¥ 
1278,JTBC ƿ  强?!   ƴ 1    λ ˹ ӿũ ep.12,;   ֱ  û µ ̰ 强Ծ 帳̶...?  ʹ     缮 ϴ ùũ ̰  20뿡 ڵ尡 ´  
1279,JTBC ƿ  强?!   ƴ 1    λ ˹ ӿũ ep.12,äθ  ׷žֿ?
1280,JTBC ƿ  强?!   ƴ 1    λ ˹ ӿũ ep.12,  س                                
1281,JTBC ƿ  强?!   ƴ 1    λ ˹ ӿũ ep.12,6:40 ̺     ׸!!!    ƴѰ
1282,JTBC ƿ  强?!   ƴ 1    λ ˹ ӿũ ep.12,3:13  Ƴā                  ÓU      
1283,JTBC ƿ  强?!   ƴ 1    λ ˹ ӿũ ep.12,3:33 ߷ ¥ ƴ..
1284,JTBC ƿ  强?!   ƴ 1    λ ˹ ӿũ ep.12,3:10                 N    
1285,JTBC ƿ  强?!   ƴ 1    λ ˹ ӿũ ep.12,7:55   ̳        
1286,JTBC ƿ  强?!   ƴ 1    λ ˹ ӿũ ep.12, ģ ڵ  ϴ° ʹ  Ÿ̴     ߿  κ ϳ    뿡  Ʈ° ¥ Խ.
1287,JTBC ƿ  强?!   ƴ 1    λ ˹ ӿũ ep.12,3:26              
1288,JTBC ƿ  强?!   ƴ 1    λ ˹ ӿũ ep.12,    强 ¥    
1289,JTBC ƿ  强?!   ƴ 1    λ ˹ ӿũ ep.12,6:42 ̺   ôµ
1290,JTBC ƿ  强?!   ƴ 1    λ ˹ ӿũ ep.12,             
1291,JTBC ƿ  强?!   ƴ 1    λ ˹ ӿũ ep.12,ÓU       
1292,JTBC ƿ  强?!   ƴ 1    λ ˹ ӿũ ep.12,Thanks for the english subs
1293,JTBC ƿ  强?!   ƴ 1    λ ˹ ӿũ ep.12,҆E     ٹ݁            
1294,JTBC ƿ  强?!   ƴ 1    λ ˹ ӿũ ep.12,1:10  ο Ե      οŰſ
1295,JTBC ƿ  强?!   ƴ 1    λ ˹ ӿũ ep.12,Ժ             
1296,JTBC ƿ  强?!   ƴ 1    λ ˹ ӿũ ep.12, JoonNa ̰        
1297,JTBC ƿ  强?!   ƴ 1    λ ˹ ӿũ ep.12,              󰰈                     
1298,JTBC ƿ  强?!   ƴ 1    λ ˹ ӿũ ep.12,   Z                                    
1299,JTBC ƿ  强?!   ƴ 1    λ ˹ ӿũ ep.12,ù         
1300,JTBC ƿ  强?!   ƴ 1    λ ˹ ӿũ ep.12,           
1301,JTBC ƿ  强?!   ƴ 1    λ ˹ ӿũ ep.12,¥     
1302,JTBC ƿ  强?!   ƴ 1    λ ˹ ӿũ ep.12,    ¥
1303,JTBC ƿ  强?!   ƴ 1    λ ˹ ӿũ ep.12,ãƁJ                               
1304,JTBC ƿ  强?!   ƴ 1    λ ˹ ӿũ ep.12,ָӴ     
1305,JTBC ƿ  强?!   ƴ 1    λ ˹ ӿũ ep.12,ƹģ           ư            
1306,JTBC ƿ  强?!   ƴ 1    λ ˹ ӿũ ep.12,Ƕ            
1307,JTBC ƿ  强?!   ƴ 1    λ ˹ ӿũ ep.12,Ժ Ϳ
1308,JTBC ƿ  强?!   ƴ 1    λ ˹ ӿũ ep.12, ¥ ũ ֳ׿    强ԴԵ û       ȸ翡 ô  ָӴ Ѵ ߰ڳ׿! :)
1309,JTBC ƿ  强?!   ƴ 1    λ ˹ ӿũ ep.12,໡҉V          ٵ ¥ ƴ ׷ ;)
1310,JTBC ƿ  强?!   ƴ 1    λ ˹ ӿũ ep.12,¥ ܼ     帳          
1311,JTBC ƿ  强?!   ƴ 1    λ ˹ ӿũ ep.12,6:41   ǵ ׸ǿ ũ Ȱߴ  FD? ƴϽŰ????????
1312,JTBC ƿ  强?!   ƴ 1    λ ˹ ӿũ ep.12,ᱹ ٺ    عԵǴ   
1313,JTBC ƿ  强?!   ƴ 1    λ ˹ ӿũ ep.12,㸮           
1314,JTBC ƿ  强?!   ƴ 1    λ ˹ ӿũ ep.12,6:41 ׸ FD?!!!?!!?!!
1315,JTBC ƿ  强?!   ƴ 1    λ ˹ ӿũ ep.12,6:40 ǵ..׸ǿ..Ѽ ȳô ⼭ ׿
1316,JTBC ƿ  强?!   ƴ 1    λ ˹ ӿũ ep.12,¥ ʹ 䵥 ҰŰƿ  强Դ  Ʃ길 Ͻø ȵǿ? ¥ ܿ ̿ ¥ ʹ Yܿ ׸ ϼ
1317,JTBC ƿ  强?!   ƴ 1    λ ˹ ӿũ ep.12,볪      ͽô   
1318,JTBC ƿ  强?!   ƴ 1    λ ˹ ӿũ ep.12,҆E   
1319,JTBC ƿ  强?!   ƴ 1    λ ˹ ӿũ ep.12,հ е ô° վ      7:47
1320,JTBC ƿ  强?!   ƴ 1    λ ˹ ӿũ ep.12, ¥ .... 嶱 ˹    ߴµ   ̷      Ǽ̴ űϴ
1321,JTBC ƿ  强?!   ƴ 1    λ ˹ ӿũ ep.12,Ʃ ˻ϴٰ  ó ôµ.. 强..ٷ  ƿ ϴ 
1322,JTBC ƿ  强?!   ƴ 1    λ ˹ ӿũ ep.12,  
1323,JTBC ƿ  强?!   ƴ 1    λ ˹ ӿũ ep.12,强 ¯ 
1324,JTBC ƿ  强?!   ƴ 1    λ ˹ ӿũ ep.12,ãư 񽺶 Ǽ ψ     
1325,JTBC ƿ  强?!   ƴ 1    λ ˹ ӿũ ep.12,强 ̺ ׸ ؾߵ                  
1326,JTBC ƿ  强?!   ƴ 1    λ ˹ ӿũ ep.12,"Jtbc Jtcb ٲǰ..
9:00~"
1327,JTBC ƿ  强?!   ƴ 1    λ ˹ ӿũ ep.12,     
1328,JTBC ƿ  强?!   ƴ 1    λ ˹ ӿũ ep.12, Ͻó׿~! ͽ̶ Ȱ鼭 ٸ    ǵ԰ ۰Ե ȭؿ
1329,JTBC ƿ  强?!   ƴ 1    λ ˹ ӿũ ep.12,ֽ ֹ˹ٿ!!!! ƴϸ  ˹  
1330,JTBC ƿ  强?!   ƴ 1    λ ˹ ӿũ ep.12,Ƴ ƴѰŰx  
1331,JTBC ƿ  强?!   ƴ 1    λ ˹ ӿũ ep.12,6:40 ׸ǿFD Դ ƴѰ?
1332,JTBC ƿ  强?!   ƴ 1    λ ˹ ӿũ ep.12, JTBC(   )  强Դ
1333,JTBC ƿ  强?!   ƴ 1    λ ˹ ӿũ ep.12,󰰴 ̴  
1334,JTBC ƿ  强?!   ƴ 1    λ ˹ ӿũ ep.12,"嵵 ãּ~~
ϻ꿡 ʰε  ʹ ԰Ժٰ
̶  غ;       
ģټ   "
1335,JTBC ƿ  强?!   ƴ 1    λ ˹ ӿũ ep.12,ڻ쳻~
1336,JTBC ƿ  强?!   ƴ 1    λ ˹ ӿũ ep.12,ʹ վ~!!
1337,JTBC ƿ  强?!   ƴ 1    λ ˹ ӿũ ep.12,6:41 ׸ ? ǵ ƴ???
1338,JTBC ƿ  强?!   ƴ 1    λ ˹ ӿũ ep.12,Jtbc ٴ      ̰ Ƿ ǵ  ϴ  Ź       
1339,JTBC ƿ  强?!   ƴ 1    λ ˹ ӿũ ep.12,So hilarious! Can't wait for them to reach 1mil subs!
1340,JTBC ƿ  强?!   ƴ 1    λ ˹ ӿũ ep.12,ä̶  ־ Ƴ??      
1341,JTBC ƿ  强?!   ƴ 1    λ ˹ ӿũ ep.12,"Ǯ   ģȯ̹ ַ ʷʷ ?    
Ϳ"
1342,JTBC ƿ  强?!   ƴ 1    λ ˹ ӿũ ep.12, 밡 ѹ ֶ
1343,JTBC ƿ  强?!   ƴ 1    λ ˹ ӿũ ep.12, 󺸸   δ
1344,JTBC ƿ  强?!   ƴ 1    λ ˹ ӿũ ep.12,ũ ٺ  ƿ ..  ..
1345,JTBC ƿ  强?!   ƴ 1    λ ˹ ӿũ ep.12,鼭    ǰ   ̴  
1346,JTBC ƿ  强?!   ƴ 1    λ ˹ ӿũ ep.12,!!!ȸ ε ƿ䰡33!!!
1347,JTBC ƿ  强?!   ƴ 1    λ ˹ ӿũ ep.12,ʹ ڴ ϾƼ µ?   ġj    ̰ ̴
1348,JTBC ƿ  强?!   ƴ 1    λ ˹ ӿũ ep.12, Ÿ ͽ ʹ ϴ° ƴԴϱ
1349,JTBC ƿ  强?!   ƴ 1    λ ˹ ӿũ ep.12,ʹݿ JTBCʹ ٰ Ͻô  ҳ ݰ      
1350,JTBC ƿ  强?!   ƴ 1    λ ˹ ӿũ ep.12,Ʈ˹
1351,JTBC ƿ  强?!   ƴ 1    λ ˹ ӿũ ep.12,ī޶  Ͻ   ׸ǿ fd ô  
1352,JTBC ƿ  强?!   ƴ 1    λ ˹ ӿũ ep.12,  ߴµ   
1353,JTBC ƿ  强?!   ƴ 1    λ ˹ ӿũ ep.12,                       Ƴj     
1354,JTBC ƿ  强?!   ƴ 1    λ ˹ ӿũ ep.12,3:47 ̴Ͼ ó׿
1355,JTBC ƿ  强?!   ƴ 1    λ ˹ ӿũ ep.12,强Դ强Դ  ˹ֽø ȵ˴ϱ 
1356,JTBC ƿ  强?!   ƴ 1    λ ˹ ӿũ ep.12,"󰰴          8:44
  帳 ̸ Ź ġ ϴ "
1357,JTBC ƿ  强?!   ƴ 1    λ ˹ ӿũ ep.12,ũ  â û ~
1358,JTBC ƿ  强?!   ƴ 1    λ ˹ ӿũ ep.12,PD  ׸ǽ PD Ҵ
1359,JTBC ƿ  强?!   ƴ 1    λ ˹ ӿũ ep.12,   
1360,JTBC ƿ  强?!   ƴ 1    λ ˹ ӿũ ep.12,"2:25
͸ Ÿϴ° ...¥ ʹѴ"
1361,JTBC ƿ  强?!   ƴ 1    λ ˹ ӿũ ep.12,.. Ե ּ
1362,JTBC ƿ  强?!   ƴ 1    λ ˹ ӿũ ep.12,
1363,JTBC ƿ  强?!   ƴ 1    λ ˹ ӿũ ep.12,  ̿ϰ ... ׷ ̸ ̳ġż ׿ !
1364,JTBC ƿ  强?!   ƴ 1    λ ˹ ӿũ ep.12,Ƶϴ°Źā      ȳĸϳĸϳ      
1365,JTBC ƿ  强?!   ƴ 1    λ ˹ ӿũ ep.12, ǵ ظ̳
1366,JTBC ƿ  强?!   ƴ 1    λ ˹ ӿũ ep.12,п
1367,JTBC ƿ  强?!   ƴ 1    λ ˹ ӿũ ep.12,100 
1368,JTBC ƿ  强?!   ƴ 1    λ ˹ ӿũ ep.12, jtbc ȸ翡 ־??
1369,JTBC ƿ  强?!   ƴ 1    λ ˹ ӿũ ep.12,ǰ 翬     ǰ  ѻ     ϴ°ǰ? 
1370,JTBC ƿ  强?!   ƴ 1    λ ˹ ӿũ ep.12,  Ƽ   ȵǿ?  
1371,JTBC ƿ  强?!   ƴ 1    λ ˹ ӿũ ep.12," ʴ  
󰰴"
1372,JTBC ƿ  强?!   ƴ 1    λ ˹ ӿũ ep.12,ɸ ˹    ѹ ּ....!
1373,JTBC ƿ  强?!   ƴ 1    λ ˹ ӿũ ep.12,"õ ʹ ְ þ....
 Ȧμ...  ǰϽó׿     ʹ ܿ"
1374,JTBC ƿ  强?!   ƴ 1    λ ˹ ӿũ ep.12,ī޶    ׸ FDƴϳ ΰ
1375,JTBC ƿ  强?!   ƴ 1    λ ˹ ӿũ ep.12,ٵּ
1376,JTBC ƿ  强?!   ƴ 1    λ ˹ ӿũ ep.12, ҳ  ݱ jtbc 
1377,JTBC ƿ  强?!   ƴ 1    λ ˹ ӿũ ep.12,7 ׸ ׺а
1378,JTBC ƿ  强?!   ƴ 1    λ ˹ ӿũ ep.12,Ʈ ܸ ѹ ּ!!!
1379,JTBC ƿ  强?!   ƴ 1    λ ˹ ӿũ ep.12, & ũ
1380,JTBC ƿ  强?!   ƴ 1    λ ˹ ӿũ ep.12,"The conversation isnt subbed yet right? I thought there's sth wrong with my app

Edit! Luckily it have been subbed right now so watch it again guys! Hahahaha"
1381,JTBC ƿ  强?!   ƴ 1    λ ˹ ӿũ ep.12,"2:04Ͼ~~~
ϴ° ↶                                   "
1382,JTBC ƿ  强?!   ƴ 1    λ ˹ ӿũ ep.12,.. ũ PD  ׸  FD̾..
1383,JTBC ƿ  强?!   ƴ 1    λ ˹ ӿũ ep.12,2:03                  
1384,JTBC ƿ  强?!   ƴ 1    λ ˹ ӿũ ep.12,̸Ʈ ڳʿ ˹غǷ(
1385,JTBC ƿ  强?!   ƴ 1    λ ˹ ӿũ ep.12,4:58
1386,JTBC ƿ  强?!   ƴ 1    λ ˹ ӿũ ep.12,ƴ 强Ե    䵥       
1387,JTBC ƿ  强?!   ƴ 1    λ ˹ ӿũ ep.12, н!!!! ߾D          
1388,JTBC ƿ  强?!   ƴ 1    λ ˹ ӿũ ep.12,ٽú     Դ  󿡼  ܟD  
1389,JTBC ƿ  强?!   ƴ 1    λ ˹ ӿũ ep.12,6:42   ׸  FD?  ΰ..?Űǰ..? ũ ʹ վ~!~!
1390,JTBC ƿ  强?!   ƴ 1    λ ˹ ӿũ ep.12,ƴ  Ƴā         
1391,JTBC ƿ  强?!   ƴ 1    λ ˹ ӿũ ep.12,󰰈                          
1392,JTBC ƿ  强?!   ƴ 1    λ ˹ ӿũ ep.12, ָӴ ¥Æ  
1393,JTBC ƿ  强?!   ƴ 1    λ ˹ ӿũ ep.12,        վ ǥκ鼭  մ~ ϴ ε  鼭       ڵ尡 ³
1394,JTBC ƿ  强?!   ƴ 1    λ ˹ ӿũ ep.12," ҳ  ݰ ϴµ
Ź   BGM
~ ! ~!
 鸲        "
1395,JTBC ƿ  强?!   ƴ 1    λ ˹ ӿũ ep.12,͵       
1396,JTBC ƿ  强?!   ƴ 1    λ ˹ ӿũ ep.12,强Դ      ϰ Ѵ° ƴ϶ ѹ ġ ִ ̾     
1397,JTBC ƿ  强?!   ƴ 1    λ ˹ ӿũ ep.12,3:53  ˱׶ Ϳô
1398,JTBC ƿ  强?!   ƴ 1    λ ˹ ӿũ ep.12,ġȸ     ӆ   
1399,JTBC ƿ  强?!   ƴ 1    λ ˹ ӿũ ep.12,ڿ ѱԿµ ⼭ ѱ ƴϳ                     
1400,JTBC ƿ  强?!   ƴ 1    λ ˹ ӿũ ep.12,         
1401,JTBC ƿ  强?!   ƴ 1    λ ˹ ӿũ ep.12,                    
1402,JTBC ƿ  强?!   ƴ 1    λ ˹ ӿũ ep.12,4:59              
1403,JTBC ƿ  强?!   ƴ 1    λ ˹ ӿũ ep.12," 
ũ 
ũ 
ũ 
ũǻ 
ũǻ 
ũǻ 
ũǻ 
ũǻ 
ũ 
ũ 
 "
1404,JTBC ƿ  强?!   ƴ 1    λ ˹ ӿũ ep.12,¯ 佺Ƽ   ϰ  Ǹϰ              
1405,JTBC ƿ  强?!   ƴ 1    λ ˹ ӿũ ep.12," ̰ɻҽϴ                   
ȳȳȳ"
1406,JTBC ƿ  强?!   ƴ 1    λ ˹ ӿũ ep.12,󰰴              
1407,JTBC ƿ  强?!   ƴ 1    λ ˹ ӿũ ep.12,ҳ        
1408,JTBC ƿ  强?!   ƴ 1    λ ˹ ӿũ ep.12,  ٸ ־! Դ ¯!
1409,JTBC ƿ  强?!   ƴ 1    λ ˹ ӿũ ep.12,"ũ     ּ    
¥    
  ٷ......."
1410,JTBC ƿ  强?!   ƴ 1    λ ˹ ӿũ ep.12,  ¥
1411,JTBC ƿ  强?!   ƴ 1    λ ˹ ӿũ ep.12, ˹ּ      
1412,JTBC ƿ  强?!   ƴ 1    λ ˹ ӿũ ep.12,ҳ            
1413,JTBC ƿ  强?!   ƴ 1    λ ˹ ӿũ ep.12,  簣 ϴ    ô뿡  İ̳׿..  ˹ٱ游 Ȱ ⵵ϰڽϴ^^!!
1414,JTBC ƿ  强?!   ƴ 1    λ ˹ ӿũ ep.12,6:41 ׸  ǵ ƴѰ
1415,JTBC ƿ  强?!   ƴ 1    λ ˹ ӿũ ep.12,         »     
1416,JTBC ƿ  强?!   ƴ 1    λ ˹ ӿũ ep.12,ũ̶ ͽ̶ ݶ ϸ ǿ     
1417,JTBC ƿ  强?!   ƴ 1    λ ˹ ӿũ ep.12,󰰴!!!   
1418,JTBC ƿ  强?!   ƴ 1    λ ˹ ӿũ ep.12,˹  ȭ ͹̳ ߰˹ õմϴ.  غ ƴµ  ʽϴ
1419,JTBC ƿ  强?!   ƴ 1    λ ˹ ӿũ ep.12,ƾƾƾ ƾƾƾƾ  ε 
1420,JTBC ƿ  强?!   ƴ 1    λ ˹ ӿũ ep.12,      !!
1421,JTBC ƿ  强?!   ƴ 1    λ ˹ ӿũ ep.12,̿   崫              
1422,JTBC ƿ  强?!   ƴ 1    λ ˹ ӿũ ep.12,  
1423,JTBC ƿ  强?!   ƴ 1    λ ˹ ӿũ ep.12, õ̿ ౸ ̿ ¥ ߿!!!!
1424,JTBC ƿ  强?!   ƴ 1    λ ˹ ӿũ ep.12,ũ ¯ Դپƾƾ!!
1425,JTBC ƿ  强?!   ƴ 1    λ ˹ ӿũ ep.12,    ̳  ε    °ź       
1426,JTBC ƿ  强?!   ƴ 1    λ ˹ ӿũ ep.12,05:56 ȭ  ˷ֽǺ??
1427,JTBC ƿ  强?!   ƴ 1    λ ˹ ӿũ ep.12, ִ ̾          ƿ    
1428,JTBC ƿ  强?!   ƴ 1    λ ˹ ӿũ ep.12,      
1429,JTBC ƿ  强?!   ƴ 1    λ ˹ ӿũ ep.12,ҳ..  
1430,JTBC ƿ  强?!   ƴ 1    λ ˹ ӿũ ep.12, ڼ 1ʿ 1 µ ۽Ÿǽô° ƴմϱ
1431,JTBC ƿ  强?!   ƴ 1    λ ˹ ӿũ ep.12,2ȸ ּ    
1432,JTBC ƿ  强?!   ƴ 1    λ ˹ ӿũ ep.12, ˹ٳʹ հԺþ!!!  ʹ ߺִµ!! ѹҶ ƴѰ??!! ˹ٰ ž!  ϴ  ѹͼ ˹ּ!!  ɹ  ǿܷ  ٴ   մ~~~~~~~~;~~~~~~!!!
1433,JTBC ƿ  强?!   ƴ 1    λ ˹ ӿũ ep.12,6:42 PD ׸ǿ FDߴ  ƴѰ? FD ƴѰ?   ׳   Ƽ..
1434,JTBC ƿ  强?!   ƴ 1    λ ˹ ӿũ ep.12,̷ Ͻ ׿     ͽǺ  վ!!!
1435,JTBC ƿ  强?!   ƴ 1    λ ˹ ӿũ ep.12,  ȿöԳ    ̰ ε Ͽ   Ǵ°ſ  ??
1436,JTBC ƿ  强?!   ƴ 1    λ ˹ ӿũ ep.12,    ΰ?
1437,JTBC ƿ  强?!   ƴ 1    λ ˹ ӿũ ep.12,CJ ENM 系Ĵ ˹ּ :)
1438,JTBC ƿ  强?!   ƴ 1    λ ˹ ӿũ ep.12, ̰ 4° .... ø ӵ...  ̸   . 
1439,JTBC ƿ  强?!   ƴ 1    λ ˹ ӿũ ep.12,˹ּ~~
1440,JTBC ƿ  强?!   ƴ 1    λ ˹ ӿũ ep.12,Ǽ尡 뵿 սô!!  ϰ
1441,JTBC ƿ  强?!   ƴ 1    λ ˹ ӿũ ep.12,׾˹ ּ!!
1442,JTBC ƿ  强?!   ƴ 1    λ ˹ ӿũ ep.12, ˹ ּ!
1443,JTBC ƿ  强?!   ƴ 1    λ ˹ ӿũ ep.12,!!!!    ̾߱ϸ ʳ θ⿣ ְ    
1444,JTBC ƿ  强?!   ƴ 1    λ ˹ ӿũ ep.12,??  ǵ~̹~
1445,JTBC ƿ  强?!   ƴ 1    λ ˹ ӿũ ep.12, ǵ 12Ͽ Ű
1446,JTBC ƿ  强?!   ƴ 1    λ ˹ ӿũ ep.12,"ʹ ־
ٵ Ű 㿡
  ?
ñϳ׿"
1447,JTBC ƿ  强?!   ƴ 1    λ ˹ ӿũ ep.12,ġ
1448,JTBC ƿ  强?!   ƴ 1    λ ˹ ӿũ ep.12,JTBC ȿ ũ ְ  ִ°ǰ?
1449,JTBC ƿ  强?!   ƴ 1    λ ˹ ӿũ ep.12,޴ Ż 븮 ˹ ϴ ͵ ּ! ʸ ̱  ſ!
1450,JTBC ƿ  强?!   ƴ 1    λ ˹ ӿũ ep.12, ֹ Ͻϴ
1451,JTBC ƿ  强?!   ƴ 1    λ ˹ ӿũ ep.12, ̷ Ȱ JTBC     
1452,JTBC ƿ  强?!   ƴ 1    λ ˹ ӿũ ep.12,"¥  ̿~    ż..¥... ѾŰƿ~^^
  Ҹ Ѹ ߾~^^"
1453,JTBC ƿ  强?!   ƴ 1    λ ˹ ӿũ ep.12,3:09  ȵ??
1454,JTBC ƿ  强?!   ƴ 1    λ ˹ ӿũ ep.12,"ͽ ε    Խϴ
"
1455,JTBC ƿ  强?!   ƴ 1    λ ˹ ӿũ ep.12,   ϸ ȵǿ?  ּ~~ ε ǳ ٸµ  Ѿھ~~~~   
1456,JTBC ƿ  强?!   ƴ 1    λ ˹ ӿũ ep.12, ̳ ð ĳv        
1457,JTBC ƿ  强?!   ƴ 1    λ ˹ ӿũ ep.12,"򳪴  ..
Ʈ ʹ Ƽ ٴ.."
1458,JTBC ƿ  强?!   ƴ 1    λ ˹ ӿũ ep.12,8:43  ÿ   
1459,JTBC ƿ  强?!   ƴ 1    λ ˹ ӿũ ep.12,5:365:44ʾ   ˷ּ.  ߿. ƴ»ƹ
1460,JTBC ƿ  强?!   ƴ 1    λ ˹ ӿũ ep.12,ũ Ƽ ׸ â⿡   FD ƴ?
1461,JTBC ƿ  强?!   ƴ 1    λ ˹ ӿũ ep.12, 뿪̳ ð ä Ǵ  ˹ּ     
1462,JTBC ƿ  强?!   ƴ 1    λ ˹ ӿũ ep.12,ñ  ȿö Ѵ
1463,JTBC ƿ  强?!   ƴ 1    λ ˹ ӿũ ep.12,ũ Ŭ ̸ ADHD
1464,JTBC ƿ  强?!   ƴ 1    λ ˹ ӿũ ep.12,䱸Ʈּ
1465,JTBC ƿ  强?!   ƴ 1    λ ˹ ӿũ ep.12,⿬ Ʈ ˹ϴ°ŵ ;!!!
1466,JTBC ƿ  强?!   ƴ 1    λ ˹ ӿũ ep.12, 313..
1467,JTBC ƿ  强?!   ƴ 1    λ ˹ ӿũ ep.12,󰰴ٴ  ھƾƾؾؿ!!
1468,JTBC ƿ  强?!   ƴ 1    λ ˹ ӿũ ep.12,59к ΰħϴ     ڳ 
1469,JTBC ƿ  强?!   ƴ 1    λ ˹ ӿũ ep.12,300̳ ......
1470,JTBC ƿ  强?!   ƴ 1    λ ˹ ӿũ ep.12, ҳ  ݰ  
1471,JTBC ƿ  强?!   ƴ 1    λ ˹ ӿũ ep.12,ǰ  ߺθ и  Ż  ٵ...    ư 
1472,JTBC ƿ  强?!   ƴ 1    λ ˹ ӿũ ep.12,ũ  ۻ翡..???
1473,JTBC ƿ  强?!   ƴ 1    λ ˹ ӿũ ep.12,ߴµ jtbc ΰǰ?
1474,JTBC ƿ  强?!   ƴ 1    λ ˹ ӿũ ep.12, ҳ  ݱ JTBC ¯ !
1475,JTBC ƿ  强?!   ƴ 1    λ ˹ ӿũ ep.12, JTBC  JTBCƮ ſ??  Ѵ ׳ JTBCپ˾Ҵµ
1476,JTBC ƿ  强?!   ƴ 1    λ ˹ ӿũ ep.12,ӳ ÷ ־ 츮׿
1477,JTBC ƿ  强?!   ƴ 1    λ ˹ ӿũ ep.12,  ϴ  1ʵ   
1478,JTBC ƿ  强?!   ƴ 1    λ ˹ ӿũ ep.12,󰰴
1479,JTBC ƿ  强?!   ƴ 1    λ ˹ ӿũ ep.12, Ը .;..../
1480,JTBC ƿ  强?!   ƴ 1    λ ˹ ӿũ ep.12,8:55 jtcb
1481,JTBC ƿ  强?!   ƴ 1    λ ˹ ӿũ ep.12,5:37 ֽ?
1482,JTBC ƿ  强?!   ƴ 1    λ ˹ ӿũ ep.12,"I will keep posting comments so they don't stop with the english subtitles!!!
hwating!!"
1483,JTBC ƿ  强?!   ƴ 1    λ ˹ ӿũ ep.12,Shout out to lululala editors. I just love their style.  
1484,JTBC ƿ  强?!   ƴ 1    λ ˹ ӿũ ep.12,English subs are uploaded now
1485,JTBC ƿ  强?!   ƴ 1    λ ˹ ӿũ ep.12,0:50 ī ° מ   
1486,JTBC ƿ  强?!   ƴ 1    λ ˹ ӿũ ep.12,"3:34 ġԵ                        
 ?
 ʿ ~
         "
1487,JTBC ƿ  强?!   ƴ 1    λ ˹ ӿũ ep.12,3:56 ׷Ÿ հ ̿ϴ°      ó  ϴٰ   ֳ       ߰ڴ        
1488,JTBC ƿ  强?!   ƴ 1    λ ˹ ӿũ ep.12,6:47  㸮             
1489,JTBC ƿ  强?!   ƴ 1    λ ˹ ӿũ ep.12,8:39 󰰈               
1490,JTBC ƿ  强?!   ƴ 1    λ ˹ ӿũ ep.12,强  Ϳ     
1491,JTBC ƿ  强?!   ƴ 1    λ ˹ ӿũ ep.12,       ƾƾƾ~  ö󰡴 Ư¡           
1492,JTBC ƿ  强?!   ƴ 1    λ ˹ ӿũ ep.12,ƴ Ӵ               ӴԵ ¥ ټ̽ŵ             
1493,JTBC ƿ  强?!   ƴ 1    λ ˹ ӿũ ep.12,͵  ()                           ĵ                             å  
1494,JTBC ƿ  强?!   ƴ 1    λ ˹ ӿũ ep.12,μ̿ ˹ּ :)
1495,JTBC ƿ  强?!   ƴ 1    λ ˹ ӿũ ep.12,Ժ θ°ŰƼ ° ↶         
1496,JTBC ƿ  强?!   ƴ 1    λ ˹ ӿũ ep.12,                  ũ ʹ մٱ?
1497,JTBC ƿ  强?!   ƴ 1    λ ˹ ӿũ ep.12, ҳ  ݁            
1498,JTBC ƿ  强?!   ƴ 1    λ ˹ ӿũ ep.12, ȳȳȳ          
1499,JTBC ƿ  强?!   ƴ 1    λ ˹ ӿũ ep.12,ƴ          
1500,JTBC ƿ  强?!   ƴ 1    λ ˹ ӿũ ep.12,㸮   꽺      
1501,JTBC ƿ  强?!   ƴ 1    λ ˹ ӿũ ep.12,⿱      
1502,JTBC ƿ  强?!   ƴ 1    λ ˹ ӿũ ep.12,           
1503,JTBC ƿ  强?!   ƴ 1    λ ˹ ӿũ ep.12,4:07 Ѵ޿ 縸ϴϱ     ׼ȯ ̆     
1504,JTBC ƿ  强?!   ƴ 1    λ ˹ ӿũ ep.12,                                           Ƴİ     Ի 强     д Դµ           
1505,JTBC ƿ  强?!   ƴ 1    λ ˹ ӿũ ep.12,ڱ   ϳ ;µ ʿ                          
1506,JTBC ƿ  强?!   ƴ 1    λ ˹ ӿũ ep.12,     
1507,JTBC ƿ  强?!   ƴ 1    λ ˹ ӿũ ep.12,6:43 ƴ źϰ
1508,JTBC ƿ  强?!   ƴ 1    λ ˹ ӿũ ep.12,ģ õ ôµ ¥ ʹվ    ٺþ!   վ!!
1509,JTBC ƿ  强?!   ƴ 1    λ ˹ ӿũ ep.12,ָ   ̾ Ȼ Ƽ̿!!!!!  ġ ġ  ϹݼմԱ ¥ Դϴ  Ͽ ѹ Ƽ ּ.     Ȧ Ҽ־
1510,JTBC ƿ  强?!   ƴ 1    λ ˹ ӿũ ep.12,󰰴           
1511,JTBC ƿ  强?!   ƴ 1    λ ˹ ӿũ ep.12, 帳         
1512,JTBC ƿ  强?!   ƴ 1    λ ˹ ӿũ ep.12,PD ǰ       
1513,JTBC ƿ  强?!   ƴ 1    λ ˹ ӿũ ep.12,"  . 
㸮  A                     "
1514,JTBC ƿ  强?!   ƴ 1    λ ˹ ӿũ ep.12,        ...   ϴ   ... ָӴ ȭ!!
1515,JTBC ƿ  强?!   ƴ 1    λ ˹ ӿũ ep.12,some part have no eng sub....
1516,JTBC ƿ  强?!   ƴ 1    λ ˹ ӿũ ep.12,Ǹżε!! װ    
1517,JTBC ƿ  强?!   ƴ 1    λ ˹ ӿũ ep.12,         װ  ִٰ ߴµ ...Դ   Ѿ ۱ŵ ڳ׿   
1518,JTBC ƿ  强?!   ƴ 1    λ ˹ ӿũ ep.12,            ߳ ϴµ    
1519,JTBC ƿ  强?!   ƴ 1    λ ˹ ӿũ ep.12,   ƴ     
